,Unnamed: 0,Article,Company,Date,Image,Title,Website,Website url,Sentiment,Probability
0,0,https://www.nytimes.com/2017/12/11/business/dealbook/hsbc-us-charges.html,hsbc-,2017-12-11,https://static01.nyt.com/images/2017/12/12/business/12DB-HSBC1/12DB-HSBC1-facebookJumbo.jpg,HSBC Says U.S. Is Preparing to Dismiss Criminal Charges Against It - The New York Times,nytimes.com,https://www.nytimes.com/section/business?action=click&pgtype=Homepage&region=TopBar&module=HPMiniNav&contentCollection=Business&WT.nav=page,NEG,0.749752161429
1,1,https://www.nytimes.com/2017/12/10/business/volkswagen-diesel-subsidies.html,volkswagen,2017-12-10,https://static01.nyt.com/images/2017/12/11/arts/11VWDIESEL1/11VWDIESEL1-facebookJumbo.jpg,"VW Chief Breaks Ranks on Diesel, Suggesting End to Subsidies - The New York Times",nytimes.com,https://www.nytimes.com/section/business?action=click&pgtype=Homepage&region=TopBar&module=HPMiniNav&contentCollection=Business&WT.nav=page,NEG,0.803307226912
2,2,https://www.nytimes.com/2017/12/10/world/europe/uk-max-clifford-dead.html,ford,2017-12-10,https://static01.nyt.com/images/2017/12/11/world/11Clifford/11Clifford-facebookJumbo.jpg,"Max Clifford, Celebrity Publicist and Sex Offender, Dies After Collapsing in Prison - The New York Times",nytimes.com,https://www.nytimes.com/section/business?action=click&pgtype=Homepage&region=TopBar&module=HPMiniNav&contentCollection=Business&WT.nav=page,NEG,0.700797998126
3,3,https://www.nytimes.com/2017/12/10/obituaries/simeon-booker-dead-reporter-civil-rights.html,eon-,2017-12-10,https://static01.nyt.com/images/2017/12/11/business/11booker-SUB/bookerobit-facebookJumbo.jpg,"Simeon Booker, Pioneering Reporter on Race Issues, Dies at 99 - The New York Times",nytimes.com,https://www.nytimes.com/section/business?action=click&pgtype=Homepage&region=TopBar&module=HPMiniNav&contentCollection=Business&WT.nav=page,NEG,0.823234956351
4,4,http://www.businessinsider.com/amazon-cto-werner-vogels-promotes-voice-interaction-at-aws-conference-2017-11,amazon,12/11/2017,http://static4.businessinsider.com/image/5a20372d3dbef4f1018b92c1-1190-625/amazons-cto-thinks-the-alexa-powered-billy-bass-points-to-the-future-of-how-well-interact-with-computers.jpg,Amazon CTO Werner Vogels promotes voice interaction at AWS conference - Business Insider,businessinsider.com,http://www.businessinsider.com/enterprise,POS,0.860169678734
5,5,http://www.businessinsider.com/oracle-google-appeal-hearing-api-code-android-again-2017-12,google-,2017-12-06,https://cdn.businessinsider.nl/wp-content/uploads/2017/12/f3681355c3bde2dd72f1e0389f8e5e89e4fac50c.jpg,"Oracle is trying to get Google to pay it a lot of money for Android, again",businessinsider.com,http://www.businessinsider.com/enterprise,POS,0.601274275826
6,6,http://www.businessinsider.com/former-google-exec-vic-gundotra-painful-two-year-process-fda-2017-11,google-,2017-12-01,https://cdn.businessinsider.nl/wp-content/uploads/2017/12/4d6af9475ae2bc9e9219a2ccfdea47ce7bc5f2b8.jpg,"Former Google exec Vic Gundotra's 'painful' two year journey into a strange, new market",businessinsider.com,http://www.businessinsider.com/enterprise,POS,0.842700923301
7,7,http://www.businessinsider.com/diane-bryant-is-leaving-intel-to-become-google-clouds-new-coo-2017-11,google-,2017-11-30,https://cdn.businessinsider.nl/wp-content/uploads/2017/11/61ef3be811dc8eea0b6335b79d4b730e0048eead.jpg,Diane Bryant is leaving Intel to become Google Cloud's new COO,businessinsider.com,http://www.businessinsider.com/enterprise,POS,0.837855230499
8,8,https://itunes.apple.com/app/apple-store/id554260576?pt=385758&ct=right-rail&mt=8,apple-,12/11/2017,http://is3.mzstatic.com/image/thumb/Purple128/v4/07/59/0f/07590f3e-1de3-ef5b-d16f-c3a4376147d7/source/1200x630bb.jpg,Business Insider on the App Store,businessinsider.com,http://www.businessinsider.com/enterprise,POS,0.715220739588
9,9,http://www.businessinsider.com/the-freak-circumstance-that-made-microsofts-peggy-johnsons-career-2017-12,microsoft,12/11/2017,http://static3.businessinsider.com/image/57f402b057540cad028b4a66-1190-625/microsofts-peggy-johnson-is-having-a-spectacular-career-thanks-to-a-fluke-conversation-she-had-in-college.jpg,The freak circumstance that made Microsoft's Peggy Johnson's career - Business Insider,businessinsider.com,http://www.businessinsider.com/enterprise,POS,0.780904431659
10,10,http://www.businessinsider.com/oracle-ceo-safra-catz-to-join-disney-board-2017-12,oracle,12/11/2017,http://static2.businessinsider.com/image/570e686e9105842b008bc613-1190-625/oracle-ceo-safra-catz-is-joining-sheryl-sandberg-and-jack-dorsey-on-disneys-board.jpg,Oracle CEO Safra Catz to join Disney board - Business Insider,businessinsider.com,http://www.businessinsider.com/enterprise,POS,0.680285553415
11,11,http://www.facebook.com/businessinsider,facebook,12/11/2017,https://scontent-amt2-1.xx.fbcdn.net/v/t1.0-1/p200x200/20140008_10154867513079071_8190657407315988923_n.png?oh=e6623e48f2a987a46bfbc100d0f4b8ed&oe=5AD6CBB9,Business Insider - Startpagina | Facebook,businessinsider.com,http://www.businessinsider.com/enterprise,POS,0.807407957404
12,12,http://www.businessinsider.com/facebook-publicly-released-its-internal-harassment-policy-2017-12,facebook,2017-12-08,https://cdn.businessinsider.nl/wp-content/uploads/2017/12/28d4518755b85eb63a3aab13639179233bc42ec4.jpg,Facebook publicly released its internal harassment policy  and it could change the way companies talk about harassment going forward,businessinsider.com,http://www.businessinsider.com/enterprise,POS,0.690664076967
13,13,http://www.businessinsider.com/facebook-best-place-to-work-in-america-2017-12,facebook,2017-12-07,https://cdn.businessinsider.nl/wp-content/uploads/2017/12/1aa88753517aefd860b62e859afa4ddfb40f3f96.jpg,7 reasons Facebook is the best place to work in America and no other company can compare,businessinsider.com,http://www.businessinsider.com/enterprise,POS,0.776363440967
14,14,http://www.businessinsider.com/how-jack-dorsey-manages-his-time-as-ceo-of-both-twitter-and-square-2017-12,twitter,2017-12-05,https://cdn.businessinsider.nl/wp-content/uploads/2017/12/6dc28d1681e4a1ffd46b953e34221c45228586b9.jpg,How dual-CEO Jack Dorsey manages to run both Twitter and Square,businessinsider.com,http://www.businessinsider.com/enterprise,POS,0.836694741199
15,15,http://money.cnn.com/2017/12/11/technology/apple-buys-shazam/index.html,apple-,12/11/2017,http://i2.cdn.turner.com/money/dam/assets/171211113453-apple-buys-shazam-780x439.jpg,"Siri, what's that song? Apple buys Shazam - Dec. 11, 2017 ",cnn.com,http://money.cnn.com/technology,POS,0.696906601225
16,16,http://money.cnn.com/2017/12/11/investing/microsoft-trillion-dollar-market-value/index.html,microsoft,12/11/2017,http://i2.cdn.turner.com/money/dam/assets/170427141337-microsoft-q3-earnings-780x439.jpg,"Microsoft may be worth $1 trillion by 2020 says one Wall Street analyst - Dec. 11, 2017 ",cnn.com,http://money.cnn.com/technology,POS,0.567344189763
17,17,http://money.cnn.com/2017/12/07/technology/anheuser-busch-tesla/index.html,tesla,12/11/2017,http://i2.cdn.turner.com/money/dam/assets/171117095702-tesla-semi-blue-780x439.jpg,"Anheuser-Busch orders 40 Tesla trucks - Dec. 7, 2017 ",cnn.com,http://money.cnn.com/technology,POS,0.510892250988
18,18,https://facebook.com/cnntech,facebook,12/11/2017,https://scontent-amt2-1.xx.fbcdn.net/v/t1.0-1/p200x200/22688559_1627598493927886_4876709526326323997_n.png?oh=3859d0de0671b6596bc63c14e3fecc5b&oe=5AC47E41,CNN Tech - Startpagina | Facebook,cnn.com,http://money.cnn.com/technology,POS,0.510892250988
19,19,http://money.cnn.com/2017/12/11/technology/naomi-gleit-facebook-social-good/index.html,facebook,12/11/2017,http://i2.cdn.turner.com/money/dam/assets/171207140946-naomi-gleit-facebook-780x439.jpg,"Facebook exec Naomi Gleit: We need more women in power - Dec. 11, 2017 ",cnn.com,http://money.cnn.com/technology,POS,0.597711291951
20,20,http://money.cnn.com/2017/12/11/technology/ces-2018-speakers-women-twitter/index.html,twitter,12/11/2017,http://i2.cdn.turner.com/money/dam/assets/170809155137-twitter-logo-780x439.jpg,"Twitter announces all-women speakers at CES - Dec. 11, 2017 ",cnn.com,http://money.cnn.com/technology,POS,0.510892250988
21,21,http://www.reuters.com/article/us-hsbc-usa/hsbc-draws-line-under-mexican-cartel-case-after-five-years-on-probation-idUSKBN1E50YA,hsbc-,12/11/2017,https:/resources/r/?m=02&d=20171211&t=2&i=1213722530&w=400&r=LYNXMPEDBA0H6,"
                HSBC draws line under Mexican cartel case after five-years on probation | Reuters",reuters.com,http://www.reuters.com/news/archive/businessNews?view=pagehttps://www.forbes.com/home_usa/#62fa69d6324b,NEG,0.729357984478
22,22,http://www.reuters.com/article/us-usa-pesticides-monsanto/monsanto-offers-cash-to-u-s-farmers-who-use-controversial-chemical-idUSKBN1E50EN,monsanto,12/11/2017,https:/resources/r/?m=02&d=20171211&t=2&i=1213695475&w=400&r=LYNXMPEDBA08D,"
                Monsanto offers cash to U.S. farmers who use controversial chemical | Reuters",reuters.com,http://www.reuters.com/news/archive/businessNews?view=pagehttps://www.forbes.com/home_usa/#62fa69d6324b,POS,0.537520322419
23,23,http://www.facebook.com/Reuters,facebook,12/11/2017,https://scontent-amt2-1.xx.fbcdn.net/v/t1.0-1/p200x200/18766101_1509914209028930_1627164984620698144_n.jpg?oh=fde1ff296db18cfdb205b8c0ea93e7bf&oe=5ACC4B47,Reuters - Startpagina | Facebook,reuters.com,http://www.reuters.com/news/archive/businessNews?view=pagehttps://www.forbes.com/home_usa/#62fa69d6324b,NEG,0.537064729082
24,24,http://www.bbc.com/news/av/business-42269808/million-dollar-idea-the-model-t-ford,ford,12/11/2017,https://ichef-1.bbci.co.uk/news/1024/cpsprodpb/F295/production/_99110126_p05qc707.jpg,How the Model T Ford became a million dollar idea - BBC News,forbes.com,http://www.bbc.com/news/business,POS,0.900598473591
25,25,http://abcnews.go.com/Technology/video/apple-iphone-years-49788459,apple-,12/11/2017,http://a.abcnews.com/images/Technology/170912_abc_social_apple_iphone_tty_16x9_992.jpg,Apple iPhone through the years Video - ABC News,bbc.com,http://abcnews.go.com/Technology,POS,0.757370086287
26,26,http://abcnews.go.com/Technology/video/archival-video-steve-jobs-apple-years-39232701,apple-,12/11/2017,http://a.abcnews.com/images/Technology/160517_vod_orig_applestore_mix_16x9_992.jpg,ARCHIVAL VIDEO: Steve Jobs and Apple through the years Video - ABC News,bbc.com,http://abcnews.go.com/Technology,POS,0.860078115995
27,27,http://abcnews.go.com/Technology/wireStory/facebook-ceo-month-parental-leave-december-51589045,facebook,12/11/2017,http://a.abcnews.com/images/Technology/WireAP_3bc542c2d34b41a5b08232779b089de9_16x9_992.jpg,Facebook CEO to take a month of parental leave in December - ABC News,bbc.com,http://abcnews.go.com/Technology,NEG,0.549814627992
28,28,http://abcnews.go.com/Technology/wireStory/san-francisco-regulate-delivery-robots-city-sidewalks-51601563,cisco,12/11/2017,http://a.abcnews.com/images/Technology/WireAP_11b77bfeb7de41459ef5f2b571b9e785_16x9_992.jpg,Delivery robots will need permits to roam San Francisco - ABC News,bbc.com,http://abcnews.go.com/Technology,POS,0.76169955371
29,29,https://nypost.com/2017/12/11/apple-confirms-its-buying-shazam/,apple-,12/11/2017,https://thenypost.files.wordpress.com/2017/12/apple-buys-shazam.jpg?quality=90&strip=all&w=1200,Apple confirms its buying Shazam | New York Post,abcnews.go.com,http://nypost.com/business/,NEG,0.596294156076
30,30,https://nypost.com/2017/12/11/verizon-inks-five-year-streaming-deal-with-nfl/,verizon,12/11/2017,https://thenypost.files.wordpress.com/2017/12/verizon-inks-nfl-deal.jpg?quality=90&strip=all&w=1200,Verizon inks five-year streaming deal with NFL | New York Post,abcnews.go.com,http://nypost.com/business/,POS,0.522381319838
31,31,https://nypost.com/2017/12/11/paul-singers-fund-says-nxp-worth-more-than-qualcomms-offer/,qualcomm,12/11/2017,https://thenypost.files.wordpress.com/2017/12/singer2.jpg?quality=90&strip=all&w=1200,Paul Singers fund says NXP worth more than Qualcomms offer | New York Post,abcnews.go.com,http://nypost.com/business/,NEG,0.576717452322
32,32,https://www.facebook.com/nypost,facebook,12/11/2017,https://scontent-amt2-1.xx.fbcdn.net/v/t1.0-1/p200x200/12932928_10157483552025206_1176575955706691041_n.png?oh=10265d96e5c30b086902fdf7b3ef018f&oe=5AC996CA,New York Post - Startpagina | Facebook,abcnews.go.com,http://nypost.com/business/,NEG,0.625939730064
33,33,http://www.chicagotribune.com/business/columnists/ct-biz-chicago-illinois-amazon-sites-photos-20171020-photogallery.html#nt=barker&bn=Barker%2006%20-%20In%20Case%20You%20Missed%20It,amazon,12/11/2017,http://www.trbimg.com/img-59eab5e3/turbine/ct-biz-chicago-illinois-amazon-sites-photos-20171020,Proposed sites for Amazon&apos;s HQ2 - Chicago Tribune,nypost.com,http://www.chicagotribune.com/business/,POS,0.668687754548
34,34,http://www.chicagotribune.com/news/nationworld/ct-cities-vying-for-amazon-20170908-photogallery.html#nt=barker&bn=Barker%2006%20-%20In%20Case%20You%20Missed%20It,amazon,12/11/2017,http://www.trbimg.com/img-59b2a6d7/turbine/ct-cities-vying-for-amazon-20170908,Cities vying for Amazon - Chicago Tribune,nypost.com,http://www.chicagotribune.com/business/,POS,0.668687754548
35,35,http://www.chicagotribune.com/business/ct-amazon-chicago-locations-20170907-photogallery.html#nt=barker&bn=Barker%2006%20-%20In%20Case%20You%20Missed%20It,amazon,12/11/2017,http://www.trbimg.com/img-59b19182/turbine/ct-amazon-chicago-locations-20170907,These Chicago sites could host Amazon&apos;s HQ2 - Chicago Tribune,nypost.com,http://www.chicagotribune.com/business/,POS,0.728730605722
36,36,http://www.chicagotribune.com/bluesky/technology/ct-review-amazon-key-20171207-story.html#nt=oft13a-11gp1,amazon,12/11/2017,http://www.trbimg.com/img-5a298ced/turbine/ct-review-amazon-key-20171207,Review: Amazon wants a key to your house. I did it. I regretted it. - Chicago Tribune,nypost.com,http://www.chicagotribune.com/business/,POS,0.841566250738
37,37,http://www.chicagotribune.com/bluesky/ct-uber-didi-chuxing-china-20160801-story.html#nt=barker&bn=Barker%2006%20-%20In%20Case%20You%20Missed%20It,uber-,12/11/2017,http://www.trbimg.com/img-579f4465/turbine/ct-uber-didi-chuxing-china-20160801,Uber&apos;s Chinese rival acquiring its China operations - Chicago Tribune,nypost.com,http://www.chicagotribune.com/business/,NEG,0.600704710078
38,38,http://www.chicagotribune.com/bluesky/originals/ct-bsi-google-pixel-buds-review-20171115-story.html#nt=barker&bn=Barker%2005%20-%20Subscriber%20Only%20Content,google-,12/11/2017,http://www.trbimg.com/img-5a0c7d65/turbine/ct-bsi-google-pixel-buds-review-20171115,Google Pixel Buds review: Fun translation trick anchors full-featured headphones - Chicago Tribune,nypost.com,http://www.chicagotribune.com/business/,POS,0.816252725617
39,39,http://www.chicagotribune.com/business/ct-boeing-100-anniversary-20160714-photogallery.html#nt=barker&bn=Barker%2006%20-%20In%20Case%20You%20Missed%20It,boeing-,12/11/2017,http://www.trbimg.com/img-5788efac/turbine/ct-boeing-100-anniversary-20160714,Boeing planes through its 100 years - Chicago Tribune,nypost.com,http://www.chicagotribune.com/business/,POS,0.787582702773
40,40,http://www.chicagotribune.com/business/ct-biz-vw-volkswagen-oliver-schmidt-diesel-scam-jail-20171208-story.html#nt=oft13a-4gp1,volkswagen,12/11/2017,http://www.trbimg.com/img-5a2af429/turbine/ct-biz-vw-volkswagen-oliver-schmidt-diesel-scam-jail-20171208,Judge sends VW manager to prison for 7 years in diesel scam - Chicago Tribune,nypost.com,http://www.chicagotribune.com/business/,POS,0.635758012694
41,41,http://www.chicagotribune.com/business/ct-biz-morgan-stanley-harold-ford-jr-fired--20171207-story.html#nt=oft13a-11gp1,ford,12/11/2017,http://www.trbimg.com/img-5a29989d/turbine/ct-biz-morgan-stanley-harold-ford-jr-fired--20171207,Morgan Stanley fires ex-Congressman Harold Ford Jr. after misconduct probe - Chicago Tribune,nypost.com,http://www.chicagotribune.com/business/,POS,0.76893223935
42,42,http://www.chicagotribune.com/classified/automotive/new/ct-tesla-through-the-years-20160129-photogallery.html#nt=barker&bn=Barker%2006%20-%20In%20Case%20You%20Missed%20It,tesla,12/11/2017,http://www.trbimg.com/img-56fe022e/turbine/ct-tesla-through-the-years-20160129,Tesla product lineup and history in pictures - Chicago Tribune,nypost.com,http://www.chicagotribune.com/business/,POS,0.887333367858
43,43,http://www.chicagotribune.com/business/ct-biz-generic-viagra-pfizer-20171206-story.html#nt=oft13a-13gp1,pfizer,12/11/2017,http://www.trbimg.com/img-5a2869ae/turbine/ct-biz-generic-viagra-pfizer-20171206,Viagra goes generic: Pfizer to launch own little white pill - Chicago Tribune,nypost.com,http://www.chicagotribune.com/business/,POS,0.756438292579
44,44,http://www.foxbusiness.com/markets/2017/12/11/apple-confirms-deal-to-buy-music-discovery-app-shazam.html,apple-,12/11/2017,https://a57.foxnews.com/images.foxnews.com/content/fox-business/markets/2017/12/11/apple-confirms-deal-to-buy-music-discovery-app-shazam/_jcr_content/image.img.jpg/0/0/1513013083313.jpg?ve=1,Apple confirms deal to buy music discovery app Shazam | Fox Business,chicagotribune.com,http://www.foxbusiness.com/,POS,0.780754606282
45,45,http://www.foxbusiness.com/markets/2017/12/11/how-important-is-switch-to-nintendo.html,nintendo,12/11/2017,http://global.fncstatic.com/static/cq/fb/img/all/og-fox-business.png,How Important Is Switch to Nintendo? | Fox Business,chicagotribune.com,http://www.foxbusiness.com/,POS,0.883885090775
46,46,http://www.foxbusiness.com/markets/2017/12/11/verizon-and-nfl-reach-digital-streaming-agreement.html,verizon,12/11/2017,https://a57.foxnews.com/images.foxnews.com/content/fox-business/markets/2017/12/11/verizon-and-nfl-reach-digital-streaming-agreement/_jcr_content/image.img.jpg/0/0/1512998364351.jpg?ve=1,Verizon and NFL reach digital streaming agreement | Fox Business,chicagotribune.com,http://www.foxbusiness.com/,POS,0.87790038075
47,47,https://finance.yahoo.com/news/verizon-strikes-extensive-live-streaming-deal-nfl-132440572.html,verizon,12/11/2017,https://s.yimg.com/uu/api/res/1.2/aONnwJW5WWvgOa_g7Apklg--~B/aD0xMDgwO3c9MTkyMDtzbT0xO2FwcGlkPXl0YWNoeW9u/http://media.zenfs.com/en/homerun/feed_manager_auto_publish_494/ce8de9ccf51d13b7a7096e78523e0fa4,Verizon to stream all NFL games across its media brands,foxbusiness.com,https://finance.yahoo.com/tech/,NEG,0.576363623162
48,48,https://facebook.com/yahoofinance,facebook,12/11/2017,https://scontent-amt2-1.xx.fbcdn.net/v/t1.0-1/c28.28.347.347/s200x200/1185102_655462011131386_50666657_n.jpg?oh=212107ecce69eb6a2dc9fea491325aa5&oe=5AC659EE,Yahoo Finance - Startpagina | Facebook,foxbusiness.com,https://finance.yahoo.com/tech/,POS,0.510892250988
49,49,https://finance.yahoo.com/news/gm-will-soon-lets-order-starbucks-behind-wheel-050126480.html,gm-,12/11/2017,https://s.yimg.com/uu/api/res/1.2/KZYIo2WtXsGLAdwWJvWYkA--~B/aD01OTM7dz0xMDAwO3NtPTE7YXBwaWQ9eXRhY2h5b24-/http://media.zenfs.com/en/homerun/feed_manager_auto_publish_494/0cc652245b17e124f322435ba6246914,GM will let drivers order Starbucks while driving,foxbusiness.com,https://finance.yahoo.com/tech/,POS,0.541688928525
50,50,https://www.nbcnews.com/business/autos/volkswagen-manager-jailed-7-years-diesel-scam-n827286,volkswagen,12/11/2017,https://media3.s-nbcnews.com/j/newscms/2017_49/1627701/vw_flag_9c62630394dfd815f82f76976903bdc2.nbcnews-fp-1200-630.jpg,Volkswagen manager jailed for 7 years in diesel scam - NBC News,finance.yahoo.com,https://www.nbcnews.com/business,NEG,0.784121482911
51,51,https://www.nbcnews.com/business/real-estate/americans-who-can-t-afford-their-homes-146-percent-n774106,ford,12/11/2017,https://media4.s-nbcnews.com/j/newscms/2017_27/2060146/170703-home-for-sale-sg-1745_25dab65c62b940ae23e708d5ed7652f4.nbcnews-fp-1200-630.jpg,Americans Who Can't Afford Their Homes Up 146 Percent - NBC News,finance.yahoo.com,https://www.nbcnews.com/business,NEG,0.687271628652
52,52,https://www.nbcnews.com/business/autos/trump-hammers-japanese-automakers-his-complaint-target-n818011,target-,12/11/2017,https://media2.s-nbcnews.com/j/newscms/2017_02/1862611/2018_toyota_camry_5bb69c39ddd5efacd974399d160d4ff6.nbcnews-fp-1200-630.jpg,Trump Hammers Japanese Automakers  but His Complaint Is Off Target - NBC News,finance.yahoo.com,https://www.nbcnews.com/business,NEG,0.727251125213
53,53,https://www.nbcnews.com/business/autos/tesla-unveils-electric-truck-world-s-fastest-production-car-n821746,tesla,12/11/2017,https://media2.s-nbcnews.com/j/newscms/2017_46/2230146/tesla_semi_733ee426c6244a3ad84275a75df8da20.nbcnews-fp-1200-630.jpg,Tesla unveils electric truck and world's fastest production car - NBC News,finance.yahoo.com,https://www.nbcnews.com/business,POS,0.5
54,54,https://www.nbcnews.com/business/autos/new-tesla-roadster-upstages-rollout-electric-big-rig-truck-n821716,tesla,12/11/2017,https://media4.s-nbcnews.com/j/newscms/2017_46/2230071/171117-tesla-roadster-rd-143a_c57475b398bb3f497f9c5ea772fc7898.nbcnews-fp-1200-630.jpg,New Tesla Roadster upstages rollout of electric big-rig truck - NBC News,finance.yahoo.com,https://www.nbcnews.com/business,NEG,0.653633355654
55,55,https://www.nbcnews.com/business/autos/tesla-hit-lawsuit-called-hotbed-racist-behavior-n820651,tesla,12/11/2017,https://media3.s-nbcnews.com/j/newscms/2017_34/2131471/170824-elon-musk-se-1158a_a1e19a73848277b846d7c7ec6e803cb4.nbcnews-fp-1200-630.jpg,"Tesla hit by lawsuit, called 'hotbed for racist behavior' - NBC News",finance.yahoo.com,https://www.nbcnews.com/business,NEG,0.82778770533
56,56,https://www.facebook.com/NBCNews,facebook,12/11/2017,https://scontent-amt2-1.xx.fbcdn.net/v/t1.0-1/p200x200/1621673_805591539460878_8753611874853200748_n.png?oh=f0fd2ea876b2033308f382f89d550e20&oe=5ABB1681,NBC News - Startpagina | Facebook,finance.yahoo.com,https://www.nbcnews.com/business,NEG,0.755424823883
57,57,https://www.nbcnews.com/news/us-news/san-francisco-couple-buys-swanky-presidio-terrace-street-90-000-n790781,cisco,12/11/2017,https://media2.s-nbcnews.com/j/newscms/2017_32/2098841/170808-presidio-terrace-3-ew-1119a_d1a564ea6639c23358f5cc41bcc07b9c.nbcnews-fp-1200-630.jpg,"San Francisco Couple Buys Swanky Presidio Terrace for $90,000  - NBC News",finance.yahoo.com,https://www.nbcnews.com/business,NEG,0.82778770533
58,58,https://www.huffingtonpost.com/entry/amazon-europe-black-friday-strike_us_5a172d5fe4b0649480737fec?section=us_business,amazon,12/11/2017,https://img.huffingtonpost.com/asset/5a17323a150000413e859a3f.jpeg?ops=1910_1000,Hundreds Of Europe's Amazon Workers Plan Black Friday Strike | HuffPost,nbcnews.com,https://www.huffingtonpost.com/section/business/,POS,0.532473018732
59,59,https://www.huffingtonpost.com/entry/amazon-hq2-in-the-time-of-climate-change_us_5a249819e4b03350e0b79719?section=us_business,amazon,12/11/2017,https://img.huffingtonpost.com/asset/5a256dcd190000f813034615.jpeg?ops=1910_1000,Amazon HQ2 In The Time Of Climate Change | HuffPost,nbcnews.com,https://www.huffingtonpost.com/section/business/,NEG,0.64920718873
60,60,https://www.huffingtonpost.com/entry/uber-waymo-trial-postponed_us_5a1daba0e4b079c1128a478a?section=us_business,uber-,12/11/2017,https://img.huffingtonpost.com/asset/5a1dd91a150000036485a4fb.jpeg?cache=pxo1cbvxte&ops=1910_1000,Uber Dealt Serious Blow In Corporate Espionage Case | HuffPost,nbcnews.com,https://www.huffingtonpost.com/section/business/,NEG,0.761023406044
61,61,https://www.huffingtonpost.com/entry/24000-uber-drivers-may-lose-their-side-hustle_us_5a16e58ae4b0250a107bfe24?section=us_business,uber-,12/11/2017,https://img.huffingtonpost.com/asset/5a16e654150000a73c8599ac.jpg?ops=1910_1000,"24,000 Uber Drivers May Lose Their Side Hustle | HuffPost",nbcnews.com,https://www.huffingtonpost.com/section/business/,NEG,0.892812155554
62,62,https://www.huffingtonpost.com/entry/uber-rider-data-hack-57-million_us_5a14a58ce4b025f8e9324c3b?section=us_business,uber-,12/11/2017,https://img.huffingtonpost.com/asset/5a14a7b0180000849ff6d6ff.jpeg?cache=phgdgoabu6&ops=1910_1000,"Uber Paid Hackers $100,000 To Keep A Massive Data Breach Quiet | HuffPost",nbcnews.com,https://www.huffingtonpost.com/section/business/,NEG,0.743946102498
63,63,https://www.huffingtonpost.com/entry/uber-data-breach-florida-man-paid-hacker_us_5a29605be4b0b185e539db5d?section=us_business,uber-,12/11/2017,https://img.huffingtonpost.com/asset/5a2981a0190000be35035157.jpeg?cache=gmx5okbwyp&ops=1910_1000,"Uber Paid 20-Year-Old Florida Man $100,000 To Keep Quiet About Data Breach | HuffPost",nbcnews.com,https://www.huffingtonpost.com/section/business/,NEG,0.743807790137
64,64,https://www.huffingtonpost.com/entry/volkswagen-executive-prison-emissions-fraud_us_5a286c43e4b03ece02fff628?section=us_business,volkswagen,12/11/2017,https://img.huffingtonpost.com/asset/5a287269140000fe79b6bd90.jpeg?cache=zlwsheylij&ops=1910_1000,Volkswagen Executive Gets Max Sentence Of 7 Years For Role In Emissions Scandal | HuffPost,nbcnews.com,https://www.huffingtonpost.com/section/business/,NEG,0.737948091662
65,65,https://www.huffingtonpost.com/entry/net-neutrality-supporters-to-protest-at-verizon-stores-nationwide_us_5a25696ae4b03c44072f067e?section=us_business,verizon,12/11/2017,https://img.huffingtonpost.com/asset/5a259b121400002862b6b56c.jpeg?cache=2spunl40mo&ops=1910_1000,Net Neutrality Supporters To Protest At Verizon Stores Nationwide This Week | HuffPost,nbcnews.com,https://www.huffingtonpost.com/section/business/,POS,0.602746774128
66,66,https://www.huffingtonpost.com/entry/cvs-pharmacy-buys-up-aetna-insurance-in-latest-consolidation_us_5a258fc1e4b05072e8b56b5c?section=us_business,aetna,12/11/2017,https://img.huffingtonpost.com/asset/5a288ad9150000138785bee4.jpeg?ops=1910_1000,CVS Pharmacy Buys Up Aetna Insurance In Latest Consolidation Of Pharmaceutical Power | HuffPost,nbcnews.com,https://www.huffingtonpost.com/section/business/,NEG,0.626886356996
67,67,https://www.huffingtonpost.com/entry/cvs-buys-aetna-insurance_us_5a244f3be4b03c44072e4dc4?section=us_business,aetna,12/11/2017,https://img.huffingtonpost.com/asset/5a244fdb1500000e8785b39a.jpeg?ops=1910_1000,CVS Agrees To Buy Aetna In A $69 Billion Deal | HuffPost,nbcnews.com,https://www.huffingtonpost.com/section/business/,POS,0.547065711914
68,68,https://facebook.com/HuffPost,facebook,12/11/2017,https://scontent-amt2-1.xx.fbcdn.net/v/t1.0-1/p200x200/18767605_10155041388721130_3946638482509761445_n.png?oh=af14bd4827489c2d4d5a8e8d2dbd0cc4&oe=5AC54D18,HuffPost - Startpagina | Facebook,nbcnews.com,https://www.huffingtonpost.com/section/business/,POS,0.510892250988
69,69,http://apps.microsoft.com/windows/en-us/app/newser/95f33cc5-7cb2-4c35-b7d3-10e29caef436,microsoft,12/11/2017,https://store-images.s-microsoft.com/image/apps.47183.9007199266445903.3227048e-6741-45eb-b667-c258af5a27a7.ce7d156c-dcbd-482a-a728-11d32d992b54?w=120&h=120&q=60,Newser kopen - Microsoft Store nl-NL,huffingtonpost.com,http://www.newser.com,POS,0.528639963356
70,70,http://www.newsweek.com/cyber-monday-2017-amazon-deals-tvs-toys-and-electronics-hope-build-black-722250,amazon,12/11/2017,http://s.newsweek.com/sites/www.newsweek.com/files/2017/11/25/cyber-monday-2017-amazon-deals.jpg,"Cyber Monday 2017: Amazon Deals on TVs, Toys and Electronics Set to Build on Black Friday Success",newser.com,http://www.newsweek.com/business,POS,0.728739896217
71,71,http://www.newsweek.com/amazon-headquarters-hq2-bizarre-bids-238-suitors-691390,amazon,12/11/2017,http://s.newsweek.com/sites/www.newsweek.com/files/2017/10/24/amazon-headquarters-hq2-cactus-bid.jpg,New Amazon Headquarters: The Five Most Bizarre Bids Among the 238 Suitors for HQ2,newser.com,http://www.newsweek.com/business,POS,0.638752621133
72,72,http://www.newsweek.com/uber-self-driving-car-lawsuit-waymo-takes-unusual-turn-722523,uber-,12/11/2017,http://s.newsweek.com/sites/www.newsweek.com/files/2017/11/26/uber-self-driving-lawsuit-waymo-google.jpg,Uber Denies Stealing Self-Driving Car Company's Trade Secrets in Billion Dollar Lawsuit,newser.com,http://www.newsweek.com/business,NEG,0.76360980299
73,73,http://www.newsweek.com/uber-1-billion-damages-waymo-self-driving-car-lawsuit-682941,uber-,12/11/2017,http://s.newsweek.com/sites/www.newsweek.com/files/2017/10/12/uber-waymo-lawsuit-google-self-driving.jpg,Uber Faced $1 Billion in Damages in Waymo Self-Driving Car Lawsuit,newser.com,http://www.newsweek.com/business,NEG,0.652634478453
74,74,http://www.newsweek.com/netflix-binge-watch-sleep-deprivation-703029,netflix-,12/11/2017,http://s.newsweek.com/sites/www.newsweek.com/files/2017/11/06/gettyimages-72818730.jpg,"Netflix Declares War on Sleep, Its Biggest 'Competitor'",newser.com,http://www.newsweek.com/business,NEG,0.733041943626
75,75,http://www.newsweek.com/apple-mysterious-ar-headset-replace-iphone-augmented-reality-706454,apple-,12/11/2017,http://s.newsweek.com/sites/www.newsweek.com/files/2017/11/09/apple-ar-headset-iphone-augmented-reality.jpg,Will Apples Mysterious AR Headset Replace the iPhone?,newser.com,http://www.newsweek.com/business,POS,0.74798848845
76,76,http://www.newsweek.com/iphone-x-ebay-pre-order-price-apple-694435,apple-,12/11/2017,http://s.newsweek.com/sites/www.newsweek.com/files/2017/10/27/iphone-x-ebay-price-order-release.jpg,"iPhone X Listed on Ebay for $10,000 After Apple Supply Issues",newser.com,http://www.newsweek.com/business,NEG,0.751424697825
77,77,http://www.newsweek.com/xmen-movies-deadpool-2-fox-disney-who-owns-what-marvel-703332,disney,12/11/2017,http://s.newsweek.com/sites/www.newsweek.com/files/2017/11/06/marvel.png,X-Men Assemble? What a Possible Disney/Fox Deal Could Mean for the Marvel Cinematic Universe,newser.com,http://www.newsweek.com/business,NEG,0.660561376049
78,78,http://www.newsweek.com/facebook-brain-computer-interface-chief-quits-building-8-project-mind-reading-689153,facebook,12/11/2017,http://s.newsweek.com/sites/www.newsweek.com/files/2017/10/20/facebook-brain-computer-interface-building-8.JPG,Facebook's Mind-Reading Chief Quits Secretive Building 8 Project,newser.com,http://www.newsweek.com/business,POS,0.510892250988
79,79,http://www.facebook.com/Newsweek,facebook,12/11/2017,https://scontent-amt2-1.xx.fbcdn.net/v/t1.0-1/p200x200/1911837_10152260116866101_2111176268_n.png?oh=4322fe5505f8d75c4f8dd31126b69072&oe=5AC56B44,Newsweek - Startpagina | Facebook,newser.com,http://www.newsweek.com/business,POS,0.510892250988
80,80,https://www.usatoday.com/story/money/markets/2017/12/11/2018-outlook-how-exxon-ge-ibm-merck-and-disney-could-top-dow-stocks/935616001/,ibm-,12/11/2017,https://www.gannett-cdn.com/-mm-/590b642c1dc42758726143b4ac33f5463e13d38a/c=0-30-580-356&r=x803&c=1600x800/local/-/media/2017/11/28/USATODAY/usatsports/bull-statue-on-wall-street_large.jpg,"2018 Outlook: How Exxon, GE, IBM, Merck and Disney could top Dow list",newsweek.com,https://www.usatoday.com/money/business/,POS,0.839745580427
81,81,https://www.facebook.com/usatoday,facebook,12/11/2017,https://scontent-amt2-1.xx.fbcdn.net/v/t1.0-1/p200x200/22815494_10155487555275667_6370522640686679743_n.png?oh=0e1dd31fd30b5afd85cb573b33902bf5&oe=5ACD6D7E,USA TODAY - Startpagina | Facebook,newsweek.com,https://www.usatoday.com/money/business/,POS,0.510892250988
82,82,https://www.washingtonpost.com/news/on-leadership/wp/2017/12/06/investment-group-urges-more-women-in-amazons-senior-ranks-following-harassment-allegations/,amazon,12/11/2017,https://www.washingtonpost.com/rf/image_1484w/2010-2019/WashingtonPost/2017/10/26/National-Economy/Images/2017-10-23T070939Z_1559482302_RC1930F61F90_RTRMADP_3_AMAZON-RESULTS-0725.jpg?t=20170517,Investment group urges more women in Amazons senior ranks following harassment allegations - The Washington Post,www.usatoday.com/money,https://www.washingtonpost.com/business/,POS,0.608459395884
83,83,https://www.washingtonpost.com/business/amazon-makes-big-strides-in-catching-apple-and-spotify-gadfly/2017/12/11/0925c508-deaf-11e7-b2e9-8c636f076c76_story.html,amazon,12/11/2017,https://www.washingtonpost.com/rf/image_1484w/2010-2019/Wires/Online/2017-12-11/Bloomberg/Images/amazon-music-makes-giant-strides-against-apple-and-spotify.jpg?t=20170517,Amazon Makes Big Strides in Catching Apple and Spotify: Gadfly - The Washington Post,www.usatoday.com/money,https://www.washingtonpost.com/business/,POS,0.890907834728
84,84,https://www.washingtonpost.com/news/the-switch/wp/2017/12/09/how-two-men-turned-a-google-search-and-100-into-a-hit-podcast-and-a-tv-deal/,google-,12/11/2017,https://www.washingtonpost.com/pbox.php?url=http://www.washingtonpost.com/blogs/the-switch/files/2017/12/up-and-vanished-cover-art1.jpg&w=1484&op=resize&opt=1&filter=antialias&t=20170517,How two men turned a Google search and $100 into a hit podcast and a TV deal - The Washington Post,www.usatoday.com/money,https://www.washingtonpost.com/business/,POS,0.954923985676
85,85,https://www.washingtonpost.com/news/the-switch/wp/2017/12/11/apple-buys-the-music-discovery-app-shazam/,apple-,12/11/2017,https://www.washingtonpost.com/rf/image_1484w/2010-2019/Wires/Images/2017-06-05/Getty/692685120.jpg?t=20170517,Apple buys the music discovery app Shazam - The Washington Post,www.usatoday.com/money,https://www.washingtonpost.com/business/,POS,0.649235433649
86,86,https://www.washingtonpost.com/news/business/wp/2017/12/08/trump-penalties-against-wells-fargo-could-be-substantially-increased/,wells-fargo,12/11/2017,https://www.washingtonpost.com/rf/image_1484w/2010-2019/WashingtonPost/2017/12/08/National-Politics/Images/Botsford171207Trump22794.JPG?t=20170517,Trump says Wells Fargos penalties for bad acts could be substantially increased - The Washington Post,www.usatoday.com/money,https://www.washingtonpost.com/business/,NEG,0.699543658678
87,87,https://www.washingtonpost.com/business/economy/disneys-potential-fox-acquisition-shows-radically-different-responses-to-hollywoods-silicon-valley-threat/2017/12/08/a329e596-dc55-11e7-8e5f-ccc94e22b133_story.html,disney,12/11/2017,https://www.washingtonpost.com/rf/image_1484w/2010-2019/WashingtonPost/2017/12/09/National-Economy/Images/disney-is-said-to-renew-fox-talks-as-murdoch-dance-continues.jpg?t=20170517,Disneys potential Fox acquisition shows radically different responses to Hollywoods Silicon Valley threat - The Washington Post,www.usatoday.com/money,https://www.washingtonpost.com/business/,POS,0.681317017286
88,88,https://www.washingtonpost.com/business/elliott-finally-puts-a-price-on-nxp-your-move-qualcomm-gadfly/2017/12/11/7dded3c6-dea0-11e7-b2e9-8c636f076c76_story.html,qualcomm,12/11/2017,https://www.washingtonpost.com/rf/image_1484w/2010-2019/Wires/Online/2017-12-11/Bloomberg/Images/2017-12-11_elliott-s-nxp-valuation-argues-for-qualcomm-bump-1.png?t=20170517,"Elliott Finally Puts a Price on NXP. Your Move, Qualcomm: Gadfly - The Washington Post",www.usatoday.com/money,https://www.washingtonpost.com/business/,NEG,0.612217213622
89,89,https://www.facebook.com/postsports,facebook,12/11/2017,https://scontent-amt2-1.xx.fbcdn.net/v/t1.0-1/p200x200/21370959_10155666402912232_5962218492291427159_n.png?oh=4e0b4bfa579fa61f42b9945c325d8bde&oe=5ABC6984,Washington Post Sports - 861 foto's - Bedrijf - ,www.usatoday.com/money,https://www.washingtonpost.com/business/,POS,0.510892250988
90,90,https://www.usatoday.com/story/tech/reviewedcom/2017/12/10/these-4-best-tech-deals-amazon-right-now/108486428/,amazon,12/11/2017,https://www.gannett-cdn.com/-mm-/6f06e76b8aaecff7ea2db97eb9901b95fef91037/c=3-0-1502-847&r=x1683&c=3200x1680/local/-/media/2017/12/11/USATODAY/USATODAY/636485882402279886-12-days-deals-day-9.jpg,These are the 5 best tech deals on Amazon right now,wsj.com,https://www.usatoday.com,POS,0.583643092826
91,91,https://www.usatoday.com/story/tech/talkingtech/2017/12/11/apple-buys-shazam-app/940850001/,apple-,12/11/2017,https://www.gannett-cdn.com/-mm-/fcfed322c6861dee66d059379d5a2cd158b09377/c=0-52-1020-626&r=x1683&c=3200x1680/local/-/media/2016/04/20/USATODAY/usatsports/shazam.jpg,Apple buys struggling Shazam music recognition app,wsj.com,https://www.usatoday.com,POS,0.696906601225
92,92,https://www.usatoday.com/story/tech/news/2017/12/11/apple-supplier-foxconn-wants-build-self-driving-vehicles-into-its-new-u-s-campus/938500001/,apple-,12/11/2017,https://www.gannett-cdn.com/-mm-/f31a8fbf31ab52a11cec5f10bf6cc0b8d044ea11/c=0-246-2397-1600&r=x803&c=1600x800/local/-/media/2017/12/08/WIGroup/Milwaukee/636483341644408104-MJS-foxconn09p1.jpg,Apple supplier Foxconn wants self-driving vehicles on new U.S. campus,wsj.com,https://www.usatoday.com,POS,0.675517210617
93,93,http://www.telegraph.co.uk/technology/2017/12/11/apple-confirms-takeover-british-music-app-shazam/,apple-,2017-12-11,http://www.telegraph.co.uk/content/dam/technology/2017/12/11/TELEMMGLPICT000149030698-xlarge_trans_NvBQzQNjv4BqB9TNGSg3mw1zIYGf6IZil7zBY8wIVpSnRmRPPGi0eVI.jpeg,Apple confirms takeover of British music app Shazam,usatoday.com,http://www.telegraph.co.uk/business/companies,POS,0.516103354878
94,94,http://www.telegraph.co.uk/business/2017/12/11/ryanairs-dublin-based-pilots-vote-favour-industrial-action/,ryanair,2017-12-11,http://www.telegraph.co.uk/content/dam/business/2017/12/11/TELEMMGLPICT000144729073-xlarge_trans_NvBQzQNjv4BqkZdGXfzOPVSbO-9sH583RFqaPefEGY05nXXPGqlPqGQ.jpeg,Ryanair's Dublin-based pilots vote in favour of industrial action,usatoday.com,http://www.telegraph.co.uk/business/companies,NEG,0.588572431445
95,95,http://www.telegraph.co.uk/business/2017/12/11/hsbc-spared-us-money-laundering-sanctions-battles-clean-act/,hsbc-,2017-12-11,http://www.telegraph.co.uk/content/dam/business/2016/09/26/hsbc-xlarge_trans_NvBQzQNjv4BqpJliwavx4coWFCaEkEsb3kvxIt-lGGWCWqwLa_RXJU8.jpg,HSBC spared further US money laundering sanctions as it battles to clean up its act,usatoday.com,http://www.telegraph.co.uk/business/companies,POS,0.532052477947
96,96,http://www.telegraph.co.uk/business/2017/12/08/native-video-advertising-tech-firm-mirriad-prices-63m-london/,3m-,2017-12-08,http://www.telegraph.co.uk/content/dam/business/2017/12/08/How-I-Met-Your-Mother-EP_9ALH11-Scene-27_After-xlarge_trans_NvBQzQNjv4BqNJjoeBT78QIaYdkJdEY4CnGTJFJS74MYhNY6w3GNbO8.jpeg,Native video advertising tech firm Mirriad prices 63m London float,usatoday.com,http://www.telegraph.co.uk/business/companies,POS,0.6917853264
97,97,http://www.telegraph.co.uk/business/2017/12/09/astrazeneca-gsk-start-fightback-big-year-blood-cancer-treatments/,astrazeneca,2017-12-09,http://www.telegraph.co.uk/content/dam/business/2017/06/25/TELEMMGLPICT000132961829-xlarge_trans_NvBQzQNjv4BqLsHhQRBrrtF8HXLMC1vesso9YzwArgMSKJitMHy8pFg.jpeg,AstraZeneca and GSK start fightback after big year for blood cancer treatments,usatoday.com,http://www.telegraph.co.uk/business/companies,POS,0.525633223113
98,98,http://www.telegraph.co.uk/technology/2017/12/11/facebook-destroying-society-works-former-executive-says/,facebook,2017-12-11,http://www.telegraph.co.uk/content/dam/technology/2017/12/11/TELEMMGLPICT000148358265-xlarge_trans_NvBQzQNjv4BqWZZ9520Qrn8RyVs0byqFfxdYxsWUQUCtgJX18DpO5X4.jpeg,"Facebook is 'destroying how society works', former executive says",usatoday.com,http://www.telegraph.co.uk/business/companies,POS,0.764615197646
99,99,https://www.facebook.com/telegraph.co.uk,facebook,12/11/2017,https://scontent-amt2-1.xx.fbcdn.net/v/t1.0-1/p200x200/19748884_10155957348754749_5958629953357232910_n.png?oh=4235bfa5582ed10bc2338eca9572a0cf&oe=5A903374,The Telegraph - Startpagina | Facebook,usatoday.com,http://www.telegraph.co.uk/business/companies,POS,0.544012011133
100,100,https://www.bloomberg.com/news/articles/2017-12-11/uber-to-stay-on-london-streets-until-at-least-april-on-appeal,uber-,12/11/2017,https://assets.bwbx.io/images/users/iqjWHBFdfxIU/iXDv8eqdQTXA/v0/1200x810.jpg,Uber Stays on London Streets Until at Least April on Appeal - Bloomberg,telegraph.co.uk,https://www.bloomberg.com/europe,NEG,0.820126156556
101,101,https://www.bloomberg.com/news/articles/2017-12-11/apple-buys-early-iphone-app-hit-shazam-to-boost-apple-music,apple-,12/11/2017,https://assets.bwbx.io/images/users/iqjWHBFdfxIU/iwOef27Xaj7c/v1/1200x675.jpg,Apple Buys Shazam to Boost Apple Music - Bloomberg,telegraph.co.uk,https://www.bloomberg.com/europe,POS,0.727774384926
102,102,https://www.bloomberg.com/news/articles/2017-12-11/morgan-stanley-defends-most-controversial-treasury-curve-call,morgan-stanley,12/11/2017,https://assets.bwbx.io/images/users/iqjWHBFdfxIU/imgwM6Sd2JGU/v2/1200x675.png,Morgan Stanley Defends Its 'Most Controversial' Call on the Yield Curve - Bloomberg,telegraph.co.uk,https://www.bloomberg.com/europe,NEG,0.692759131249
103,103,https://www.bloomberg.com/news/articles/2017-12-11/erdogan-was-a-target-in-bribery-inquiry-turkish-officer-says,target-,12/11/2017,https://assets.bwbx.io/images/users/iqjWHBFdfxIU/itX7RcS6Yipc/v1/1200x800.jpg,"Erdogan Was a Target in Bribery Inquiry, Turkish Officer Says - Bloomberg",telegraph.co.uk,https://www.bloomberg.com/europe,POS,0.614939590768
104,104,https://www.bloomberg.com/news/articles/2017-12-11/jpmorgan-eyes-japan-real-estate-on-bet-boj-persists-with-easing,jpmorgan,12/11/2017,https://assets.bwbx.io/images/users/iqjWHBFdfxIU/iriTn9v5nJG8/v2/1200x791.jpg,JPMorgan Eyes Japan Real Estate on Bet BOJ Persists With Easing - Bloomberg,telegraph.co.uk,https://www.bloomberg.com/europe,POS,0.510693617938
105,105,https://www.bloomberg.com/news/articles/2017-12-11/fox-deal-is-said-coming-within-days-giving-murdoch-disney-stake,disney,12/11/2017,https://assets.bwbx.io/images/users/iqjWHBFdfxIU/iaReyrOQ4bxY/v0/1200x711.jpg,A Disney Deal for Fox Is Coming Within Days - Bloomberg,telegraph.co.uk,https://www.bloomberg.com/europe,NEG,0.578398359008
106,106,https://www.bloomberg.com/gadfly/articles/2017-12-11/elliott-s-nxp-valuation-argues-for-qualcomm-bump,qualcomm,12/11/2017,https://assets.bwbx.io/images/users/iqjWHBFdfxIU/i2AWo5dqdO2E/v0/1200x493.jpg,"Your Move, Qualcomm - Bloomberg Gadfly",telegraph.co.uk,https://www.bloomberg.com/europe,POS,0.510892250988
107,107,http://www.facebook.com/Bloomberglp,facebook,12/11/2017,https://scontent-amt2-1.xx.fbcdn.net/v/t1.0-1/p200x200/16142719_10154468360443003_6635070434292302357_n.png?oh=dee36aa29526b18c876829b5e9778361&oe=5AD6571C,Bloomberg LP - Financiele dienstverlening - New York (stad) | Facebook - 609 recensies - 245 foto's,telegraph.co.uk,https://www.bloomberg.com/europe,NEG,0.625939730064
108,108,https://www.bloomberg.com/news/articles/2017-12-11/facebook-watch-isn-t-ready-for-prime-time,facebook,12/11/2017,https://assets.bwbx.io/images/users/iqjWHBFdfxIU/inob4TP3bLGM/v0/1200x630.jpg,Facebook Watch Isnt Ready for Prime Time - Bloomberg,telegraph.co.uk,https://www.bloomberg.com/europe,NEG,0.89285300066
109,109,https://www.theguardian.com/technology/2017/dec/11/apple-buys-shazam-music-app,apple-,12/11/2017,https://i.guim.co.uk/img/media/45c9f41acc8aea2f78ee710d9bda5d2e029996d5/0_1162_3738_2243/master/3738.jpg?w=1200&h=630&q=55&auto=format&usm=12&fit=crop&crop=faces%2Centropy&bm=normal&ba=bottom%2Cleft&blend64=aHR0cHM6Ly91cGxvYWRzLmd1aW0uY28udWsvMjAxNi8wNS8yNS9vdmVybGF5LWxvZ28tMTIwMC05MF9vcHQucG5n&s=cb3e14d0b362c7678370c5d0a399c951,Game that tune: Apple snaps up Shazam for reported $400m | Technology | The Guardian,bloomberg.com,https://www.theguardian.com/uk/business,POS,0.510746476319
110,110,https://www.theguardian.com/commentisfree/2017/dec/11/tech-giants-taxes-apple-paradise-corporation-avoidance,apple-,12/11/2017,https://i.guim.co.uk/img/media/1fef2ae7a5c2dd4ab9d2b2a9cafa65075eeebfdc/0_194_3484_2090/master/3484.jpg?w=1200&h=630&q=55&auto=format&usm=12&fit=crop&crop=faces%2Centropy&bm=normal&ba=bottom%2Cleft&blend64=aHR0cHM6Ly91cGxvYWRzLmd1aW0uY28udWsvMjAxNy8xMC8wNi9vcGluaW9uc19vdmVybGF5LWZhY2Vib29rLnBuZz90ZXN0&s=18d9147943b4ee3dd88505accc0078cc,The tech giants will never pay their fair share of taxes  unless we make them | David Pegg | Opinion | The Guardian,bloomberg.com,https://www.theguardian.com/uk/business,POS,0.594593092419
111,111,https://www.theguardian.com/business/2017/dec/11/ryanairs-dublin-pilots-threaten-christmas-strike,ryanair,12/11/2017,https://i.guim.co.uk/img/media/c40e9831a69bc8e097e91aa12fcfcb968961160f/0_174_4288_2573/master/4288.jpg?w=1200&h=630&q=55&auto=format&usm=12&fit=crop&crop=faces%2Centropy&bm=normal&ba=bottom%2Cleft&blend64=aHR0cHM6Ly91cGxvYWRzLmd1aW0uY28udWsvMjAxNi8wNS8yNS9vdmVybGF5LWxvZ28tMTIwMC05MF9vcHQucG5n&s=95f928a832cb9cc3fe6c954602ba8ee4,Ryanair's Dublin pilots threaten Christmas strike | Business | The Guardian,bloomberg.com,https://www.theguardian.com/uk/business,POS,0.697827421795
112,112,https://www.theguardian.com/business/2017/dec/11/hsbc-prosecution-threat-us-money-laundering,hsbc-,12/11/2017,https://i.guim.co.uk/img/media/05749e2988ab04f4757a9586e1ea1ec78ec53400/0_0_3500_2100/master/3500.jpg?w=1200&h=630&q=55&auto=format&usm=12&fit=crop&crop=faces%2Centropy&bm=normal&ba=bottom%2Cleft&blend64=aHR0cHM6Ly91cGxvYWRzLmd1aW0uY28udWsvMjAxNi8wNS8yNS9vdmVybGF5LWxvZ28tMTIwMC05MF9vcHQucG5n&s=07072bdcdf4c064a303ef0ff8c5f1183,US authorities lift threat to prosecute HSBC | Business | The Guardian,bloomberg.com,https://www.theguardian.com/uk/business,POS,0.73427088526
113,113,https://www.facebook.com/theguardian,facebook,12/11/2017,https://scontent-amt2-1.xx.fbcdn.net/v/t1.0-1/p200x200/14063826_10154462884796323_1336563282190637958_n.png?oh=9c5efa0a1710e9693be56f4b3b15c840&oe=5AC022A8,The Guardian - Startpagina | Facebook,bloomberg.com,https://www.theguardian.com/uk/business,POS,0.544012011133
114,114,https://www.facebook.com/business,facebook,12/11/2017,https://www.facebook.com/business/f/GChs3gD3s25AAhECAAAAAADWlNBHbj0JAAAB/,Facebook Business: Marketing op Facebook,bloomberg.com,https://www.theguardian.com/uk/business,POS,0.719283063077
