U,R,L,T,E,R,M,S
c,h,i,n,a,-,c,o,n,s,t,r,u,c,t,i,o,n,-,b,a,n,k
g,e,n,e,r,a,l,-,e,l,e,c,t,r,i,c
w,e,l,l,s,-,f,a,r,g,o
b,a,n,k,-,o,f,-,c,h,i,n,a
p,e,t,r,o,c,h,i,n,a
r,o,y,a,l,-,d,u,t,c,h,-,s,h,e,l,l
c,i,t,i,g,r,o,u,p
b,p
c,h,e,v,r,o,n
g,a,z,p,r,o,m
a,t,&,t
b,n,p,-,p,a,r,i,b,a,s
t,o,t,a,l
c,h,i,n,a,-,m,o,b,i,l,e
s,i,n,o,p,e,c,-,c,h,i,n,a,-,p,e,t,r,o,l,e,u,m
p,e,t,r,o,b,r,a,s
d,a,i,m,l,e,r
m,i,c,r,o,s,o,f,t
r,o,s,n,e,f,t
i,b,m
n,e,s,t,l,e
m,i,t,s,u,b,i,s,h,i,-,u,f,j,-,f,i,n,a,n,c,i,a,l
v,o,d,a,f,o,n,e
e,n,i
p,r,o,c,t,e,r,-,&,-,g,a,m,b,l,e
j,o,h,n,s,o,n,-,&,-,j,o,h,n,s,o,n
b,h,p,-,b,i,l,l,i,t,o,n
p,f,i,z,e,r
c,o,m,m,o,n,w,e,a,l,t,h,-,b,a,n,k
e,d,f
g,o,o,g,l,e
s,i,e,m,e,n,s
n,o,v,a,r,t,i,s
s,u,m,i,t,o,m,o,-,m,i,t,s,u,i,-,f,i,n,a,n,c,i,a,l
s,b,e,r,b,a,n,k
n,i,p,p,o,n,-,t,e,l,e,g,r,a,p,h,-,&,-,t,e,l
p,i,n,g,-,a,n,-,i,n,s,u,r,a,n,c,e,-,g,r,o,u,p
b,a,n,c,o,-,b,r,a,d,e,s,c,o
a,n,h,e,u,s,e,r,-,b,u,s,c,h,-,i,n,b,e,v
c,h,i,n,a,-,l,i,f,e,-,i,n,s,u,r,a,n,c,e
g,e,n,e,r,a,l,-,m,o,t,o,r,s
m,e,t,l,i,f,e
e,n,e,l
b,a,s,f
s,o,f,t,b,a,n,k
n,a,t,i,o,n,a,l,-,a,u,s,t,r,a,l,i,a,-,b,a,n,k
a,n,z
t,d,-,b,a,n,k,-,g,r,o,u,p
c,o,n,o,c,o,p,h,i,l,l,i,p,s
i,n,t,e,l
u,b,s
h,e,w,l,e,t,t,-,p,a,c,k,a,r,d
b,o,e,i,n,g
z,u,r,i,c,h,-,i,n,s,u,r,a,n,c,e,-,g,r,o,u,p
u,n,i,t,e,d,h,e,a,l,t,h,-,g,r,o,u,p
s,a,n,o,f,i
c,r,e,d,i,t,-,a,g,r,i,c,o,l,e
u,n,i,t,e,d,-,t,e,c,h,n,o,l,o,g,i,e,s
r,o,c,h,e,-,h,o,l,d,i,n,g
m,u,n,i,c,h,-,r,e
p,e,p,s,i,c,o
o,r,a,c,l,e
b,a,n,k,-,o,f,-,n,o,v,a,-,s,c,o,t,i,a
i,n,g,-,g,r,o,u,p
s,a,u,d,i,-,b,a,s,i,c,-,i,n,d,u,s,t,r,i,e,s
m,i,z,u,h,o,-,f,i,n,a,n,c,i,a,l
c,h,i,n,a,-,m,e,r,c,h,a,n,t,s,-,b,a,n,k
b,a,n,c,o,-,d,o,-,b,r,a,s,i,l
m,o,r,g,a,n,-,s,t,a,n,l,e,y
c,n,o,o,c
r,i,o,-,t,i,n,t,o
u,n,i,l,e,v,e,r
e,.,o,n
g,e,n,e,r,a,l,i,-,g,r,o,u,p
g,l,a,x,o,s,m,i,t,h,k,l,i,n,e
s,c,h,l,u,m,b,e,r,g,e,r
n,o,r,d,e,a,-,b,a,n,k
b,a,y,e,r
c,h,i,n,a,-,m,i,n,s,h,e,n,g,-,b,a,n,k,i,n,g
s,t,a,n,d,a,r,d,-,c,h,a,r,t,e,r,e,d
c,h,i,n,a,-,s,h,e,n,h,u,a,-,e,n,e,r,g,y
u,s,-,b,a,n,c,o,r,p
m,i,t,s,u,b,i,s,h,i,-,c,o,r,p
e,c,o,p,e,t,r,o,l
i,n,d,u,s,t,r,i,a,l,-,b,a,n,k
s,h,a,n,g,h,a,i,-,p,u,d,o,n,g,-,d,e,v,e,l,o,p,m,e,n,t
e,a,d,s
i,b,e,r,d,r,o,l,a
c,h,i,n,a,-,c,i,t,i,c,-,b,a,n,k
r,e,l,i,a,n,c,e,-,i,n,d,u,s,t,r,i,e,s
h,o,m,e,-,d,e,p,o,t
h,i,t,a,c,h,i
h,o,n,-,h,a,i,-,p,r,e,c,i,s,i,o,n
p,h,i,l,l,i,p,s,-,6,6
a,v,i,v,a
f,r,a,n,c,e,-,t,e,l,e,c,o,m
d,e,u,t,s,c,h,e,-,t,e,l,e,k,o,m
b,a,n,k,-,o,f,-,m,o,n,t,r,e,a,l
v,i,n,c,i
s,u,n,c,o,r,-,e,n,e,r,g,y
c,h,i,n,a,-,t,e,l,e,c,o,m
o,c,c,i,d,e,n,t,a,l,-,p,e,t,r,o,l,e,u,m
t,w,e,n,t,y,-,f,i,r,s,t,-,c,e,n,t,u,r,y,-,f,o,x,",",-,i,n,c,.
m,i,t,s,u,i,-,&,-,c,o
q,u,a,l,c,o,m,m
t,i,m,e,-,w,a,r,n,e,r
e,x,p,r,e,s,s,-,s,c,r,i,p,t,s
u,n,i,t,e,d,-,p,a,r,c,e,l,-,s,e,r,v,i,c,e
b,a,r,c,l,a,y,s
p,n,c,-,f,i,n,a,n,c,i,a,l,-,s,e,r,v,i,c,e,s
d,e,u,t,s,c,h,e,-,p,o,s,t
a,i,a,-,g,r,o,u,p
d,u,k,e,-,e,n,e,r,g,y
d,e,l,t,a,-,a,i,r,-,l,i,n,e,s
d,e,u,t,s,c,h,e,-,b,a,n,k
n,a,t,i,o,n,a,l,-,g,r,i,d
a,b,b
a,m,g,e,n
m,a,n,u,l,i,f,e,-,f,i,n,a,n,c,i,a,l
s,a,i,c,-,m,o,t,o,r
w,a,l,g,r,e,e,n
k,d,d,i
p,t,t,-,p,c,l
t,r,a,v,e,l,e,r,s,-,c,o,s
d,e,e,r,e,-,&,-,c,o
u,n,i,o,n,-,p,a,c,i,f,i,c
m,c,d,o,n,a,l,d,',s
a,f,l,a,c
t,o,k,i,o,-,m,a,r,i,n,e,-,h,o,l,d,i,n,g,s
t,a,i,w,a,n,-,s,e,m,i,c,o,n,d,u,c,t,o,r
l,e,g,a,l,-,&,-,g,e,n,e,r,a,l,-,g,r,o,u,p
c,h,r,i,s,t,i,a,n,-,d,i,o,r
c,h,i,n,a,-,u,n,i,c,o,m
3,m
a,l,l,s,t,a,t,e
s,c,h,n,e,i,d,e,r,-,e,l,e,c,t,r,i,c
d,n,b
s,u,r,g,u,t,n,e,f,t,e,g,a,s
t,a,r,g,e,t
a,c,e
d,e,n,s,o
n,o,m,u,r,a,-,h,o,l,d,i,n,g,s
n,i,p,p,o,n,-,s,t,e,e,l,-,&,-,s,u,m,i,t,o,m,o,-,m,e,t,a,l
w,e,s,f,a,r,m,e,r,s
c,h,i,n,a,-,e,v,e,r,b,r,i,g,h,t,-,b,a,n,k
s,a,p
j,a,r,d,i,n,e,-,m,a,t,h,e,s,o,n
j,a,p,a,n,-,t,o,b,a,c,c,o
b,g,-,g,r,o,u,p
i,t,o,c,h,u
s,a,b,m,i,l,l,e,r
b,a,n,k,-,o,f,-,n,e,w,-,y,o,r,k,-,m,e,l,l,o,n
c,o,n,t,i,n,e,n,t,a,l
e,m,c
c,o,s,t,c,o,-,w,h,o,l,e,s,a,l,e
b,t,-,g,r,o,u,p
e,l,i,-,l,i,l,l,y,-,&,-,c,o
s,e,v,e,n,-,&,-,i,-,h,o,l,d,i,n,g,s
l,o,w,e,',s,-,c,o,s
c,h,i,n,a,-,s,t,a,t,e,-,c,o,n,s,t,r,u,c,t,i,o,n
f,r,e,e,p,o,r,t,-,m,c,m,o,r,a,n,-,c,o,p,p,e,r
t,e,l,s,t,r,a
l,y,o,n,d,e,l,l,b,a,s,e,l,l,-,i,n,d,u,s,t,r,i,e,s
c,h,i,n,a,-,p,a,c,i,f,i,c,-,i,n,s,u,r,a,n,c,e
g,a,s,-,n,a,t,u,r,a,l,-,f,e,n,o,s,a
a,e,t,n,a
s,o,n,y
a,e,g,o,n
e,r,i,c,s,s,o,n
p,o,s,c,o
e,a,s,t,-,j,a,p,a,n,-,r,a,i,l,w,a,y
a,l,t,r,i,a,-,g,r,o,u,p
b,l,a,c,k,r,o,c,k
e,x,e,l,o,n
d,a,n,o,n,e
a,r,c,h,e,r,-,d,a,n,i,e,l,s,-,m,i,d,l,a,n,d
m,c,k,e,s,s,o,n
h,e,i,n,e,k,e,n,-,h,o,l,d,i,n,g
p,a,n,a,s,o,n,i,c
h,e,s,s
p,e,o,p,l,e,',s,-,i,n,s,u,r,a,n,c,e,-,c,o,m,p,a,n,y
s,h,i,n,h,a,n,-,f,i,n,a,n,c,i,a,l,-,g,r,o,u,p
e,b,a,y
n,a,t,i,x,i,s
g,e,n,e,r,a,l,-,d,y,n,a,m,i,c,s
m,e,d,t,r,o,n,i,c
e,x,o,r
b,r,i,s,t,o,l,-,m,y,e,r,s,-,s,q,u,i,b,b
s,e,b
k,b,c,-,g,r,o,u,p
f,e,d,e,x
r,e,n,a,u,l,t
v,t,b,-,b,a,n,k
s,u,m,i,t,o,m,o,-,c,o,r,p
c,n,p,-,a,s,s,u,r,a,n,c,e,s
m,s,&,a,d,-,i,n,s,u,r,a,n,c,e
h,a,l,l,i,b,u,r,t,o,n
d,a,n,a,h,e,r
a,p,a,c,h,e
s,u,n,-,l,i,f,e,-,f,i,n,a,n,c,i,a,l
m,a,r,a,t,h,o,n,-,p,e,t,r,o,l,e,u,m
s,o,u,t,h,e,r,n,-,c,o
p,i,n,g,-,a,n,-,b,a,n,k
l,i,n,d,e
n,e,x,t,e,r,a,-,e,n,e,r,g,y
s,a,i,n,t,-,g,o,b,a,i,n
t,r,a,n,s,n,e,f,t
v,i,s,a
r,o,l,l,s,-,r,o,y,c,e,-,h,o,l,d,i,n,g,s
j,x,-,h,o,l,d,i,n,g,s
i,m,p,e,r,i,a,l,-,t,o,b,a,c,c,o,-,g,r,o,u,p
w,o,o,l,w,o,r,t,h,s
b,r,i,d,g,e,s,t,o,n,e
c,i,g,n,a
s,t,a,n,d,a,r,d,-,b,a,n,k,-,g,r,o,u,p
d,b,s,-,g,r,o,u,p
b,c,e
a,i,r,-,l,i,q,u,i,d,e
o,l,d,-,m,u,t,u,a,l
p,h,i,l,i,p,s
s,w,e,d,b,a,n,k
o,v,e,r,s,e,a,-,c,h,i,n,e,s,e,-,b,a,n,k,i,n,g
e,a,t,o,n
d,i,r,e,c,t,v
d,a,i,-,i,c,h,i,-,l,i,f,e,-,i,n,s,u,r,a,n,c,e
i,c,i,c,i,-,b,a,n,k
c,h,i,n,a,-,v,a,n,k,e
s,t,a,t,e,-,s,t,r,e,e,t
c,e,n,t,r,a,l,-,j,a,p,a,n,-,r,a,i,l,w,a,y
k,r,o,g,e,r
j,o,h,n,s,o,n,-,c,o,n,t,r,o,l,s
c,h,i,n,a,-,r,a,i,l,w,a,y,-,c,o,n,s,t,r,u,c,t,i,o,n
h,e,n,k,e,l
i,n,d,i,t,e,x
e,m,e,r,s,o,n,-,e,l,e,c,t,r,i,c
h,u,s,k,y,-,e,n,e,r,g,y
t,e,l,i,a,s,o,n,e,r,a
d,o,m,i,n,i,o,n,-,r,e,s,o,u,r,c,e,s
b,b,&,t
c,h,i,n,a,-,r,a,i,l,w,a,y,-,g,r,o,u,p
s,a,s,o,l
n,i,k,e
k,i,n,d,e,r,-,m,o,r,g,a,n
s,i,n,g,t,e,l
o,m,v,-,g,r,o,u,p
m,a,y,b,a,n,k
h,o,l,c,i,m
r,e,c,k,i,t,t,-,b,e,n,c,k,i,s,e,r,-,g,r,o,u,p
t,e,l,e,n,o,r
e,o,g,-,r,e,s,o,u,r,c,e,s
t,a,t,a,-,m,o,t,o,r,s
m,o,n,s,a,n,t,o
s,s,e
m,i,t,s,u,b,i,s,h,i,-,h,e,a,v,y,-,i,n,d,u,s,t,r,i,e,s
c,h,u,b,b
a,c,c,e,n,t,u,r,e
m,i,t,s,u,b,i,s,h,i,-,e,l,e,c,t,r,i,c
s,t,a,n,d,a,r,d,-,l,i,f,e
e,n,b,r,i,d,g,e
n,o,r,t,h,r,o,p,-,g,r,u,m,m,a,n
w,p,p
k,r,a,f,t,-,f,o,o,d,s,-,g,r,o,u,p
d,i,s,c,o,v,e,r,-,f,i,n,a,n,c,i,a,l,-,s,e,r,v,i,c,e,s
e,d,p,-,e,n,e,r,g,i,a,s,-,d,e,-,p,o,r,t,u,g,a,l
s,a,f,r,a,n
i,n,v,e,s,t,o,r
s,u,m,i,t,o,m,o,-,m,i,t,s,u,i,-,t,r,u,s,t
f,a,n,n,i,e,-,m,a,e
l,a,s,-,v,e,g,a,s,-,s,a,n,d,s
m,i,c,h,e,l,i,n,-,g,r,o,u,p
a,n,a,d,a,r,k,o,-,p,e,t,r,o,l,e,u,m
s,u,n,-,h,u,n,g,-,k,a,i,-,p,r,o,p,e,r,t,i,e,s
a,m,e,r,i,p,r,i,s,e,-,f,i,n,a,n,c,i,a,l
g,i,l,e,a,d,-,s,c,i,e,n,c,e,s
h,u,a,x,i,a,-,b,a,n,k
k,i,m,b,e,r,l,y,-,c,l,a,r,k
u,n,i,t,e,d,-,o,v,e,r,s,e,a,s,-,b,a,n,k
c,b,s
t,o,s,h,i,b,a
k,b,-,f,i,n,a,n,c,i,a,l,-,g,r,o,u,p
r,i,c,h,e,m,o,n,t
m,e,r,c,k
f,e,m,s,a
m,a,p,f,r,e
f,r,e,d,d,i,e,-,m,a,c
m,t,n,-,g,r,o,u,p
g,e,n,e,r,a,l,-,m,i,l,l,s
v,i,a,c,o,m
l,a,f,a,r,g,e
g,r,u,p,o,-,a,c,s
t,h,e,r,m,o,-,f,i,s,h,e,r,-,s,c,i,e,n,t,i,f,i,c
s,i,s,t,e,m,a
b,a,k,e,r,-,h,u,g,h,e,s
a,u,t,o,m,a,t,i,c,-,d,a,t,a
o,r,i,x
t,a,l,a,n,x
i,s,b,a,n,k
s,a,u,d,i,-,t,e,l,e,c,o,m
c,s,x
n,o,r,f,o,l,k,-,s,o,u,t,h,e,r,n
l,i,n,c,o,l,n,-,n,a,t,i,o,n,a,l
m,a,c,y,',s
n,o,v,o,-,n,o,r,d,i,s,k
r,o,y,a,l,-,a,h,o,l,d
s,u,n,t,r,u,s,t,-,b,a,n,k,s
n,k,s,j,-,h,o,l,d,i,n,g,s
g,d,f,-,s,u,e,z
q,a,t,a,r,-,n,a,t,i,o,n,a,l,-,b,a,n,k
k,o,m,a,t,s,u
f,u,b,o,n,-,f,i,n,a,n,c,i,a,l
i,n,p,e,x
p,g,&,e
g,a,r,a,n,t,i,-,b,a,n,k
m,i,t,s,u,i,-,f,u,d,o,s,a,n
h,u,m,a,n,a
f,u,j,i,-,h,e,a,v,y,-,i,n,d,u,s,t,r,i,e,s
s,y,n,g,e,n,t,a
t,e,x,a,s,-,i,n,s,t,r,u,m,e,n,t,s
c,o,l,g,a,t,e,-,p,a,l,m,o,l,i,v,e
n,t,p,c
r,o,y,a,l,-,b,a,n,k,-,o,f,-,s,c,o,t,l,a,n,d
t,e,n,c,e,n,t,-,h,o,l,d,i,n,g,s
b,a,n,k,-,o,f,-,b,e,i,j,i,n,g
p,p,l
a,m,p
m,a,c,q,u,a,r,i,e,-,g,r,o,u,p
h,e,i,d,e,l,b,e,r,g,c,e,m,e,n,t
u,n,i,c,r,e,d,i,t,-,g,r,o,u,p
s,u,z,u,k,i,-,m,o,t,o,r
s,k,-,h,y,n,i,x
p,p,g,-,i,n,d,u,s,t,r,i,e,s
j,f,e,-,h,o,l,d,i,n,g,s
v,a,l,e
t,e,n,a,g,a,-,n,a,s,i,o,n,a,l
r,e,s,o,n,a,-,h,o,l,d,i,n,g,s
d,a,i,w,a,-,s,e,c,u,r,i,t,i,e,s
f,i,f,t,h,-,t,h,i,r,d,-,b,a,n,c,o,r,p
h,&,m
i,n,t,e,s,a,-,s,a,n,p,a,o,l,o
a,o,n
x,e,r,o,x
h,a,n,a,-,f,i,n,a,n,c,i,a,l,-,g,r,o,u,p
e,t,i,s,a,l,a,t
l,o,e,w,s
t,o,k,y,o,-,e,l,e,c,t,r,i,c,-,p,o,w,e,r
c,i,m,b,-,g,r,o,u,p,-,h,o,l,d,i,n,g,s
s,k,-,t,e,l,e,c,o,m
t,j,x,-,c,o,s
c,h,a,r,l,e,s,-,s,c,h,w,a,b
t,e,s,c,o
p,r,i,n,c,i,p,a,l,-,f,i,n,a,n,c,i,a,l,-,g,r,o,u,p
m,i,t,s,u,b,i,s,h,i,-,e,s,t,a,t,e
g,f,n,o,r,t,e
a,g,e,a,s
r,e,p,s,o,l,-,y,p,f
s,e,m,p,r,a,-,e,n,e,r,g,y
t,&,d,-,h,o,l,d,i,n,g,s
f,i,r,s,t,r,a,n,d
a,k,z,o,-,n,o,b,e,l
b,a,n,k,-,m,a,n,d,i,r,i
n,o,v,a,t,e,k
c,o,r,n,i,n,g
f,u,j,i,f,i,l,m,-,h,o,l,d,i,n,g,s
b,a,n,k,-,r,a,k,y,a,t,-,i,n,d,o,n,e,s,i,a
c,e,z,-,g,r,o,u,p
c,o,n,s,o,l,i,d,a,t,e,d,-,e,d,i,s,o,n
a,k,b,a,n,k
m,i,c,r,o,n,-,t,e,c,h,n,o,l,o,g,y
c,o,v,i,d,i,e,n
p,r,o,g,r,e,s,s,i,v,e
a,r,c,e,l,o,r,m,i,t,t,a,l
a,l,s,t,o,m
c,u,m,m,i,n,s
s,k,-,i,n,n,o,v,a,t,i,o,n
e,c,o,l,a,b
l,a,r,s,e,n,-,&,-,t,o,u,b,r,o
p,u,b,l,i,c,-,s,e,r,v,i,c,e,-,e,n,t,e,r,p,r,i,s,e
p,i,r,a,e,u,s,-,b,a,n,k
r,w,e,-,g,r,o,u,p
f,o,r,t,e,s,c,u,e,-,m,e,t,a,l,s,-,g,r,o,u,p
k,e,l,l,o,g,g
k,i,r,i,n,-,h,o,l,d,i,n,g,s
p,o,l,y,-,r,e,a,l,-,e,s,t,a,t,e
b,a,o,s,h,a,n,-,i,r,o,n,-,&,-,s,t,e,e,l
f,o,r,t,u,m
a,t,l,a,s,-,c,o,p,c,o
n,o,r,i,l,s,k,-,n,i,c,k,e,l
c,h,e,u,n,g,-,k,o,n,g,-,h,o,l,d,i,n,g,s
s,y,s,c,o
t,a,t,n,e,f,t
d,i,s,h,-,n,e,t,w,o,r,k
s,a,f,e,w,a,y
a,d,i,d,a,s
c,e,n,o,v,u,s,-,e,n,e,r,g,y
k,o,r,e,a,-,e,l,e,c,t,r,i,c,-,p,o,w,e,r
o,m,n,i,c,o,m,-,g,r,o,u,p
t,h,a,l,e,s
o,t,s,u,k,a,-,h,o,l,d,i,n,g
g,r,u,p,o,-,m,e,x,i,c,o
c,l,p,-,h,o,l,d,i,n,g,s
s,w,i,r,e,-,p,a,c,i,f,i,c
k,y,o,c,e,r,a
m,a,r,s,h,-,&,-,m,c,l,e,n,n,a,n
c,h,i,n,a,-,r,e,s,o,u,r,c,e,s,-,l,a,n,d
h,d,f,c
c,i,c,-,g,r,o,u,p
s,u,n,c,o,r,p,-,g,r,o,u,p
k,u,b,o,t,a
t,a,t,a,-,c,o,n,s,u,l,t,a,n,c,y,-,s,e,r,v,i,c,e,s
s,i,a,m,-,c,o,m,m,e,r,c,i,a,l,-,b,a,n,k
t,e,l,u,s
a,i,s,i,n,-,s,e,i,k,i
d,a,i,k,i,n,-,i,n,d,u,s,t,r,i,e,s
l,g,-,c,h,e,m
v,i,v,e,n,d,i
t,r,a,n,s,o,c,e,a,n
m,a,z,d,a,-,m,o,t,o,r
e,v,o,n,i,k
g,r,u,p,o,-,a,v,a,l
c,o,m,p,a,s,s,-,g,r,o,u,p
k,a,s,i,k,o,r,n,b,a,n,k
c,o,m,m,e,r,z,b,a,n,k
f,e,r,r,o,v,i,a,l
x,c,e,l,-,e,n,e,r,g,y
j,-,s,a,i,n,s,b,u,r,y
l,o,t,t,e,-,s,h,o,p,p,i,n,g
f,r,a,n,k,l,i,n,-,r,e,s,o,u,r,c,e,s
d,a,i,w,a,-,h,o,u,s,e,-,i,n,d,u,s,t,r,y
s,a,b,a,n,c,i,-,h,o,l,d,i,n,g
g,r,u,p,o,-,m,o,d,e,l,o
l,e,n,o,v,o,-,g,r,o,u,p
a,l,-,r,a,j,h,i,-,b,a,n,k
k,i,n,g,f,i,s,h,e,r
k,e,p,p,e,l,-,c,o,r,p
s,i,m,o,n,-,p,r,o,p,e,r,t,y,-,g,r,o,u,p
t,e,n,a,r,i,s
r,e,g,i,o,n,s,-,f,i,n,a,n,c,i,a,l
t,e,l,e,c,o,m,-,i,t,a,l,i,a
s,o,u,t,h,w,e,s,t,-,a,i,r,l,i,n,e,s
w,e,s,t,e,r,n,-,d,i,g,i,t,a,l
p,o,r,s,c,h,e,-,a,u,t,o,m,o,b,i,l,-,h,o,l,d,i,n,g
t,o,k,y,o,-,g,a,s
w,o,o,d,s,i,d,e,-,p,e,t,r,o,l,e,u,m
d,e,u,t,s,c,h,e,-,l,u,f,t,h,a,n,s,a
f,a,l,a,b,e,l,l,a
p,o,t,a,s,h,-,o,f,-,s,a,s,k,a,t,c,h,e,w,a,n
s,u,m,i,t,o,m,o,-,e,l,e,c,t,r,i,c
p,u,b,l,i,c,-,b,a,n,k
a,l,p,h,a,-,b,a,n,k
s,u,m,i,t,o,m,o,-,r,e,a,l,t,y
p,u,b,l,i,c,i,s,-,g,r,o,u,p,e
e,n,t,e,r,g,y
a,s,m,l,-,h,o,l,d,i,n,g
s,l,m
c,o,n,a,g,r,a,-,f,o,o,d,s
c,h,i,n,a,-,r,e,s,o,u,r,c,e,s,-,p,o,w,e,r
u,n,u,m,-,g,r,o,u,p
s,i,m,e,-,d,a,r,b,y
g,e,o,r,g,e,-,w,e,s,t,o,n
e,v,e,r,g,r,a,n,d,e,-,r,e,a,l,-,e,s,t,a,t,e
a,g,r,i,u,m
m,o,s,a,i,c
a,n,h,u,i,-,c,o,n,c,h,-,c,e,m,e,n,t
t,e,c,k,-,r,e,s,o,u,r,c,e,s
s,w,a,t,c,h,-,g,r,o,u,p
s,t,r,y,k,e,r
d,e,l,p,h,i,-,a,u,t,o,m,o,t,i,v,e
s,p,e,c,t,r,a,-,e,n,e,r,g,y
t,y,s,o,n,-,f,o,o,d,s
f,i,r,s,t,e,n,e,r,g,y
s,o,d,e,x,o
b,i,o,g,e,n,-,i,d,e,c
a,b,e,r,t,i,s
a,s,t,e,l,l,a,s,-,p,h,a,r,m,a
m,&,t,-,b,a,n,k
l,i,b,e,r,t,y,-,g,l,o,b,a,l
u,n,i,b,a,i,l,-,r,o,d,a,m,c,o
p,k,o,-,b,a,n,k,-,p,o,l,s,k,i
b,h,a,r,t,i,-,a,i,r,t,e,l
s,i,a,m,-,c,e,m,e,n,t
a,d,e,c,c,o
s,e,a,d,r,i,l,l
c,e,l,g,e,n,e
a,x,i,s,-,b,a,n,k
m,t,r
c,o,u,n,t,r,y,-,g,a,r,d,e,n,-,h,o,l,d,i,n,g,s
q,u,a,n,t,a,-,c,o,m,p,u,t,e,r
m,i,t,s,u,b,i,s,h,i,-,m,o,t,o,r,s
j,b,s
c,o,u,c,h,e,-,t,a,r,d
n,a,t,i,o,n,a,l,-,b,a,n,k,-,o,f,-,a,b,u,-,d,h,a,b,i
d,o,l,l,a,r,-,g,e,n,e,r,a,l
d,a,q,i,n,-,r,a,i,l,w,a,y
m,e,t,r,o,-,g,r,o,u,p
p,a,r,k,e,r,-,h,a,n,n,i,f,i,n
b,a,n,c,o,l,o,m,b,i,a
p,g,e
a,s,a,h,i,-,k,a,s,e,i
f,a,s,t,-,r,e,t,a,i,l,i,n,g
w,h,i,r,l,p,o,o,l
s,a,n,d,v,i,k
c,h,i,n,a,-,n,a,t,i,o,n,a,l,-,b,u,i,l,d,i,n,g
k,o,h,l,',s
g,e,n,w,o,r,t,h,-,f,i,n,a,n,c,i,a,l
b,a,e,-,s,y,s,t,e,m,s
p,r,i,c,e,l,i,n,e,.,c,o,m
c,h,u,n,g,h,w,a,-,t,e,l,e,c,o,m
v,f
h,a,l,k,b,a,n,k
b,o,u,y,g,u,e,s
b,a,n,k,-,c,e,n,t,r,a,l,-,a,s,i,a
c,m,e,-,g,r,o,u,p
a,s,a,h,i,-,g,r,o,u,p,-,h,o,l,d,i,n,g,s
m,e,g,a,f,o,n
c,e,n,t,u,r,y,l,i,n,k
s,k,-,h,o,l,d,i,n,g,s
i,n,s,u,r,a,n,c,e,-,a,u,s,t,r,a,l,i,a,-,g,r,o,u,p
x,l,-,g,r,o,u,p
i,s,u,z,u,-,m,o,t,o,r,s
m,a,g,n,i,t
y,u,m,-,b,r,a,n,d,s
r,i,c,o,h
a,m,e,r,i,s,o,u,r,c,e,b,e,r,g,e,n
a,t,l,a,n,t,i,a
d,t,e,-,e,n,e,r,g,y
t,o,r,a,y,-,i,n,d,u,s,t,r,i,e,s
n,o,r,t,h,e,a,s,t,-,u,t,i,l,i,t,i,e,s
f,i,r,s,t,-,g,u,l,f,-,b,a,n,k
s,e,a,g,a,t,e,-,t,e,c,h,n,o,l,o,g,y
v,i,m,p,e,l,c,o,m
o,o,r,e,d,o,o,-,t,e,l,e,c,o,m
i,n,g,e,r,s,o,l,l,-,r,a,n,d
s,a,n,l,a,m
b,a,n,c,o,-,d,e,-,s,a,b,a,d,e,l,l
l,i,-,&,-,f,u,n,g
l,i,b,e,r,t,y,-,i,n,t,e,r,a,c,t,i,v,e
h,e,n,d,e,r,s,o,n,-,l,a,n,d
c,s,r
e,r,s,t,e,-,g,r,o,u,p,-,b,a,n,k
s,c,o,r
c,h,i,n,a,-,s,t,e,e,l
t,e,c,h,n,i,p
g,d,-,p,o,w,e,r,-,d,e,v,e,l,o,p,m,e,n,t
n,u,c,o,r
h,i,l,t,o,n,-,w,o,r,l,d,w,i,d,e,-,h,o,l,d,i,n,g,s
c,h,i,n,a,-,c,o,a,l,-,e,n,e,r,g,y
n,a,n,-,y,a,-,p,l,a,s,t,i,c,s
m,i,d,e,a,-,g,r,o,u,p,-,c,o,.,-,l,t,d,.
n,e,w,-,w,o,r,l,d,-,d,e,v,e,l,o,p,m,e,n,t
g,a,p
s,e,k,i,s,u,i,-,h,o,u,s,e
d,a,i,i,c,h,i,-,s,a,n,k,y,o
c,r,h
i,d,e,m,i,t,s,u,-,k,o,s,a,n
b,a,n,g,k,o,k,-,b,a,n,k
w,e,s,t,f,i,e,l,d,-,g,r,o,u,p
k,e,y,c,o,r,p
d,a,v,i,t,a
y,a,h,o,o
k,a,n,s,a,i,-,e,l,e,c,t,r,i,c,-,p,o,w,e,r
n,a,t,i,o,n,a,l,-,b,a,n,k,-,o,f,-,k,u,w,a,i,t
d,e,u,t,s,c,h,e,-,b,o,e,r,s,e
v,e,o,l,i,a,-,e,n,v,i,r,o,n,n,e,m,e,n,t
m,o,b,i,l,y
m,a,r,k,s,-,&,-,s,p,e,n,c,e,r
s,a,m,b,a,-,f,i,n,a,n,c,i,a,l,-,g,r,o,u,p
b,a,i,d,u
r,e,s,o,l,u,t,i,o,n
n,o,r,t,h,e,r,n,-,t,r,u,s,t
i,n,f,o,s,y,s
f,u,j,i,t,s,u
w,h,e,e,l,o,c,k,-,&,-,c,o
d,e,n,t,s,u
w,o,l,s,e,l,e,y
c,i,t,i,c,-,s,e,c,u,r,i,t,i,e,s
w,i,l,l,i,a,m,s,-,c,o,s
q,b,e,-,i,n,s,u,r,a,n,c,e,-,g,r,o,u,p
r,i,y,a,d,-,b,a,n,k
s,o,l,v,a,y
j,a,p,a,n,-,a,i,r,l,i,n,e,s
d,o,n,g,f,e,n,g,-,m,o,t,o,r,-,g,r,o,u,p
b,o,m,b,a,r,d,i,e,r
d,e,v,o,n,-,e,n,e,r,g,y
g,a,l,a,x,y,-,e,n,t,e,r,t,a,i,n,m,e,n,t
b,e,c,t,o,n,",",-,d,i,c,k,i,n,s,o,n
a,l,c,o,a
t,h,o,m,s,o,n,-,r,e,u,t,e,r,s
b,e,s,t,-,b,u,y
w,e,s,t,-,j,a,p,a,n,-,r,a,i,l,w,a,y
b,r,f,-,b,r,a,s,i,l,-,f,o,o,d,s
a,l,l,e,r,g,a,n
c,i,t,i,c,-,p,a,c,i,f,i,c
c,h,i,n,a,t,r,u,s,t,-,f,i,n,a,n,c,i,a,l
a,l,l,i,e,d,-,i,r,i,s,h,-,b,a,n,k,s
t,r,w,-,a,u,t,o,m,o,t,i,v,e,-,h,o,l,d,i,n,g,s
b,u,n,g,e
k,a,o,-,c,o,r,p
i,d,g,c,-,h,o,l,d,i,n,g
k,e,r,i,n,g
e,m,i,r,a,t,e,s,-,n,b,d
l,g,-,e,l,e,c,t,r,o,n,i,c,s
t,e,l,e,k,o,m,-,i,n,d,o,n,e,s,i,a
e,n,b,w,-,e,n,e,r,g,i,e,-,b,a,d,e,n
b,a,r,r,i,c,k,-,g,o,l,d
c,o,g,n,i,z,a,n,t,-,t,e,c,h,n,o,l,o,g,y
p,e,u,g,e,o,t
m,u,r,a,t,a,-,m,a,n,u,f,a,c,t,u,r,i,n,g
c,e,n,c,o,s,u,d
c,h,u,b,u,-,e,l,e,c,t,r,i,c,-,p,o,w,e,r
v,m,w,a,r,e
k,u,e,h,n,e,-,+,-,n,a,g,e,l
l,g,-,d,i,s,p,l,a,y
c,e,m,e,x
s,h,i,m,a,o,-,p,r,o,p,e,r,t,y,-,h,o,l,d,i,n,g,s
s,a,u,d,i,-,b,r,i,t,i,s,h,-,b,a,n,k
m,e,d,i,o,l,a,n,u,m
c,h,i,n,a,-,y,a,n,g,t,z,e,-,p,o,w,e,r
p,u,n,j,a,b,-,n,a,t,i,o,n,a,l,-,b,a,n,k
c,h,i,n,a,-,c,n,r
g,r,u,p,a,-,p,z,u
k,r,u,n,g,-,t,h,a,i,-,b,a,n,k
r,e,p,u,b,l,i,c,-,s,e,r,v,i,c,e,s
b,a,n,k,-,o,f,-,b,a,r,o,d,a
s,i,n,o,h,y,d,r,o,-,g,r,o,u,p
m,a,h,i,n,d,r,a,-,&,-,m,a,h,i,n,d,r,a
s,a,n,-,m,i,g,u,e,l
r,t,l,-,g,r,o,u,p
l,o,n,g,f,o,r,-,p,r,o,p,e,r,t,i,e,s
v,i,e,n,n,a,-,i,n,s,u,r,a,n,c,e,-,g,r,o,u,p
g,o,o,d,y,e,a,r
k,p,n
a,e,s
f,l,u,o,r
a,b,u,-,d,h,a,b,i,-,c,o,m,m,e,r,c,i,a,l,-,b,a,n,k
w,e,y,e,r,h,a,e,u,s,e,r
m,y,l,a,n
b,a,n,k,-,o,f,-,e,a,s,t,-,a,s,i,a
e,n,s,c,o
a,n,t,a,r,c,h,i,l,e
h,o,l,l,y,f,r,o,n,t,i,e,r
w,o,o,r,i,-,f,i,n,a,n,c,e,-,h,o,l,d,i,n,g,s
c,h,i,n,a,-,s,h,i,p,b,u,i,l,d,i,n,g,-,i,n,d,u,s,t,r,y
b,a,n,k,-,h,a,p,o,a,l,i,m
s,t,a,n,l,e,y,-,b,l,a,c,k,-,&,-,d,e,c,k,e,r
s,j,m,-,h,o,l,d,i,n,g,s
a,l,f,a
d,o,v,e,r
b,e,d,-,b,a,t,h,-,&,-,b,e,y,o,n,d
u,p,m,-,k,y,m,m,e,n,e
i,t,c
w,a,s,t,e,-,m,a,n,a,g,e,m,e,n,t
m,e,g,a,-,f,i,n,a,n,c,i,a,l,-,h,o,l,d,i,n,g
l,g,-,c,o,r,p
i,n,v,e,s,c,o
k,o,n,e
p,e,a,r,s,o,n
g,r,e,a,t,-,w,a,l,l,-,m,o,t,o,r
l,i,x,i,l,-,g,r,o,u,p
v,o,e,s,t,a,l,p,i,n,e
h,a,n,w,h,a,-,l,i,f,e,-,i,n,s,u,r,a,n,c,e
h,e,r,t,z,-,g,l,o,b,a,l,-,h,o,l,d,i,n,g,s
g,a,l,p,-,e,n,e,r,g,i,a
f,o,r,m,o,s,a,-,p,l,a,s,t,i,c,s
a,u,t,o,z,o,n,e
e,i,f,f,a,g,e
s,y,m,a,n,t,e,c
w,i,p,r,o
n,i,e,l,s,e,n,-,h,o,l,d,i,n,g,s
l,-,b,r,a,n,d,s
o,r,i,g,i,n,-,e,n,e,r,g,y
r,a,k,u,t,e,n
f,a,n,u,c
s,h,e,r,w,i,n,-,w,i,l,l,i,a,m,s
n,a,s,p,e,r,s
a,c,t,a,v,i,s
t,o,k,y,u
a,x,i,a,t,a,-,g,r,o,u,p
a,s,s,a,-,a,b,l,o,y
r,e,e,d,-,e,l,s,e,v,i,e,r
c,o,n,s,t,e,l,l,a,t,i,o,n,-,b,r,a,n,d,s
s,a,n,d,i,s,k
w,h,o,l,e,-,f,o,o,d,s,-,m,a,r,k,e,t
h,c,p
o,i
u,n,i,p,o,l,-,g,r,u,p,p,o
k,w,e,i,c,h,o,w,-,m,o,u,t,a,i
t,d,-,a,m,e,r,i,t,r,a,d,e,-,h,o,l,d,i,n,g
s,e,c,o,m
g,e,n,u,i,n,e,-,p,a,r,t,s
r,o,s,s,-,s,t,o,r,e,s
r,u,s,h,y,d,r,o
a,g,i,l,e,n,t,-,t,e,c,h,n,o,l,o,g,i,e,s
t,e,x,t,r,o,n
s,t,a,p,l,e,s
e,v,e,r,e,s,t,-,r,e,-,g,r,o,u,p
l,a,n,d,-,s,e,c,u,r,i,t,i,e,s,-,g,r,o,u,p
w,w,-,g,r,a,i,n,g,e,r
j,i,a,n,g,x,i,-,c,o,p,p,e,r
b,a,n,k,-,o,f,-,i,r,e,l,a,n,d
c,h,o,w,-,t,a,i,-,f,o,o,k,-,j,e,w,e,l,l,e,r,y
b,e,i,e,r,s,d,o,r,f
c,o,m,p,u,t,e,r,-,s,c,i,e,n,c,e,s
c,f,-,i,n,d,u,s,t,r,i,e,s,-,h,o,l,d,i,n,g,s
c,r,e,d,i,c,o,r,p
i,n,d,u,s,t,r,i,e,s,-,q,a,t,a,r
h,e,r,s,h,e,y
s,i,n,o,p,h,a,r,m,-,g,r,o,u,p
b,e,l,g,a,c,o,m
a,r,e,v,a
r,o,s,t,e,l,e,c,o,m
d,s,m
c,i,t,-,g,r,o,u,p
n,o,r,d,s,t,r,o,m
v,a,k,i,f,b,a,n,k
h,a,n,w,h,a,-,c,o,r,p
k,o,b,e,-,s,t,e,e,l
c,e,m,i,g
g,e,n,t,i,n,g
f,i,n,a,n,c,i,e,r,e,-,d,e,-,l,',o,d,e,t
z,h,e,j,i,a,n,g,-,z,h,e,n,e,n,g,-,e,l,e,c,t,r,i,c,-,p,o,w,e,r
b,o,s,t,o,n,-,p,r,o,p,e,r,t,i,e,s
s,t,a,r,b,u,c,k,s
n,e,c
n,e,w,s,-,c,o,r,p
f,i,n,a,t,i,s
t,e,s,o,r,o
g,k,n
n,i,p,p,o,n,-,y,u,s,e,n
c,s,l
n,r,g,-,e,n,e,r,g,y
b,a,n,q,u,e,-,s,a,u,d,i,-,f,r,a,n,s,i
d,e,x,i,a
k,t,-,c,o,r,p
b,a,n,q,u,e,-,n,a,t,i,o,n,a,l,e,-,d,e,-,b,e,l,g,i,q,u,e
s,h,a,n,g,h,a,i,-,e,l,e,c,t,r,i,c,-,g,r,o,u,p
i,n,v,e,s,t,e,c
a,l,u,m,i,n,u,m,-,c,o,r,p,-,o,f,-,c,h,i,n,a
n,i,s,o,u,r,c,e
h,u,n,t,i,n,g,t,o,n,-,b,a,n,c,s,h,a,r,e,s
r,s,a,-,i,n,s,u,r,a,n,c,e,-,g,r,o,u,p
h,a,i,t,o,n,g,-,s,e,c,u,r,i,t,i,e,s
p,e,n,t,a,i,r
o,n,e,x
d,a,s,s,a,u,l,t,-,a,v,i,a,t,i,o,n
s,u,m,i,t,o,m,o,-,m,e,t,a,l,-,m,i,n,i,n,g
h,o,n,g,-,k,o,n,g,-,&,-,c,h,i,n,a,-,g,a,s
o,n,e,o,k
e,m,a,a,r,-,p,r,o,p,e,r,t,i,e,s
l,i,n,k,-,r,e,i,t
u,n,i,-,p,r,e,s,i,d,e,n,t
h,i,n,d,a,l,c,o,-,i,n,d,u,s,t,r,i,e,s
t,u,r,k,c,e,l,l
k,o,r,e,a,-,g,a,s
s,m,-,i,n,v,e,s,t,m,e,n,t,s
b,r,o,a,d,c,o,m
b,a,n,k,-,n,e,g,a,r,a,-,i,n,d,o,n,e,s,i,a
k,u,w,a,i,t,-,f,i,n,a,n,c,e,-,h,o,u,s,e
a,s,u,s,t,e,k,-,c,o,m,p,u,t,e,r
a,n,t,o,f,a,g,a,s,t,a
f,i,d,e,l,i,t,y,-,n,a,t,i,o,n,a,l,-,i,n,f,o,r,m,a,t,i,o,n
c,g,i,-,g,r,o,u,p
p,u,b,l,i,c,-,s,t,o,r,a,g,e
j,e,r,o,n,i,m,o,-,m,a,r,t,i,n,s
b,a,n,k,-,o,f,-,g,r,e,e,c,e
s,c,h,r,o,d,e,r,s
t,a,t,a,-,s,t,e,e,l
r,o,c,k,w,e,l,l,-,a,u,t,o,m,a,t,i,o,n
a,v,n,e,t
w,m,-,m,o,r,r,i,s,o,n,-,s,u,p,e,r,m,a,r,k,e,t,s
r,a,l,p,h,-,l,a,u,r,e,n
s,h,o,w,a,-,s,h,e,l,l,-,s,e,k,i,y,u
s,c,h,i,n,d,l,e,r,-,h,o,l,d,i,n,g
b,a,n,k,-,o,f,-,y,o,k,o,h,a,m,a
l,o,r,i,l,l,a,r,d
b,a,n,c,o,-,p,o,p,o,l,a,r,e
c,a
n,h,n
w,y,n,n,-,r,e,s,o,r,t,s
a,r,a,b,-,n,a,t,i,o,n,a,l,-,b,a,n,k
w,e,i,c,h,a,i,-,p,o,w,e,r
a,m,c,o,r
w,e,n,d,e,l
b,i,d,v,e,s,t,-,g,r,o,u,p
b,r,a,m,b,l,e,s
h,a,n,k,y,u,-,h,a,n,s,h,i,n,-,h,o,l,d,i,n,g,s
q,i,n,g,d,a,o,-,h,a,i,e,r
s,u,n,-,a,r,t,-,r,e,t,a,i,l,-,g,r,o,u,p
r,o,c,k,-,t,e,n,n
p,o,h,j,o,l,a,-,b,a,n,k
s,h,a,a,n,x,i,-,c,o,a,l,-,i,n,d,u,s,t,r,y
a,d,v,a,n,c,e,d,-,i,n,f,o,-,s,e,r,v,i,c,e
h,a,r,l,e,y,-,d,a,v,i,d,s,o,n
d,p,-,w,o,r,l,d
c,h,o,n,g,q,i,n,g,-,r,u,r,a,l,-,b,a,n,k
l,e,g,r,a,n,d
u,r,a,l,k,a,l,i
k,y,u,s,h,u,-,e,l,e,c,t,r,i,c,-,p,o,w,e,r
s,g,s
t,e,r,n,a
g,r,u,p,o,-,b,i,m,b,o
g,u,a,n,g,z,h,o,u,-,r,&,f
k,g,h,m,-,p,o,l,s,k,a,-,m,i,e,d,z
v,e,n,t,a,s
o,',r,e,i,l,l,y,-,a,u,t,o,m,o,t,i,v,e
n,e,w,m,o,n,t,-,m,i,n,i,n,g
a,i,r,-,f,r,a,n,c,e,-,k,l,m
s,h,i,n,-,k,o,n,g,-,f,i,n,a,n,c,i,a,l
t,i,n,g,y,i,-,h,o,l,d,i,n,g
m,c,g,r,a,w,-,h,i,l,l,-,c,o,s
s,h,i,r,e
a,s,s,u,r,a,n,t
b,o,r,g,w,a,r,n,e,r
c,i,e,l,o
b,h,a,r,a,t,-,p,e,t,r,o,l,e,u,m
d,a,n,g,o,t,e,-,c,e,m,e,n,t
i,h,i
h,e,l,v,e,t,i,a,-,h,o,l,d,i,n,g
a,s,h,l,a,n,d
l,a,t,a,m,-,a,i,r,l,i,n,e,s
a,m,b,a,c,-,f,i,n,a,n,c,i,a,l,-,g,r,o,u,p
a,l,l,-,n,i,p,p,o,n,-,a,i,r,w,a,y,s
h,e,n,a,n,-,s,h,u,a,n,g,h,u,i,-,i,n,v,e,s,t,m,e,n,t
u,n,i,t,e,d,-,u,t,i,l,i,t,i,e,s
s,t,o,r,e,b,r,a,n,d
h,o,r,m,e,l,-,f,o,o,d,s
i,n,t,a,c,t,-,f,i,n,a,n,c,i,a,l
d,e,l,h,a,i,z,e,-,g,r,o,u,p
n,o,r,s,k,-,h,y,d,r,o
p,r,o,l,o,g,i,s
r,a,n,d,s,t,a,d,-,h,o,l,d,i,n,g
s,e,m,b,c,o,r,p,-,i,n,d,u,s,t,r,i,e,s
m,e,l,c,o,-,c,r,o,w,n,-,e,n,t,e,r,t,a,i,n,m,e,n,t
c,h,i,n,a,-,r,e,s,o,u,r,c,e,s,-,e,n,t,e,r,p,r,i,s,e
c,h,i,n,a,-,e,a,s,t,e,r,n,-,a,i,r,l,i,n,e,s
m,i,t,s,u,b,i,s,h,i,-,m,a,t,e,r,i,a,l,s
c,e,l,a,n,e,s,e
p,r,a,d,a
s,e,s
t,o,h,o,k,u,-,e,l,e,c,t,r,i,c,-,p,o,w,e,r
l,e,n,d,-,l,e,a,s,e,-,g,r,o,u,p
a,l,l,e,g,h,a,n,y
a,r,r,o,w,-,e,l,e,c,t,r,o,n,i,c,s
b,o,s,t,o,n,-,s,c,i,e,n,t,i,f,i,c
s,h,i,z,u,o,k,a,-,b,a,n,k
s,t,o,r,a,-,e,n,s,o
s,u,n,t,o,r,y,-,b,e,v,e,r,a,g,e,-,&,-,f,o,o,d
d,a,i,t,o,-,t,r,u,s,t,-,c,o,n,s,t,r,u,c,t,i,o,n
p,u,l,t,e,g,r,o,u,p
t,-,r,o,w,e,-,p,r,i,c,e
h,u,i,s,h,a,n,g,-,b,a,n,k,-,c,o,r,p,o,r,a,t,i,o,n,-,l,i,m,i,t,e,d
c,m,s,-,e,n,e,r,g,y
p,k,n,-,o,r,l,e,n
a,r,a,b,-,b,a,n,k
c,h,i,n,a,-,s,o,u,t,h,e,r,n,-,a,i,r,l,i,n,e,s
y,a,m,a,t,o,-,h,o,l,d,i,n,g,s
k,a,w,a,s,a,k,i,-,h,e,a,v,y,-,i,n,d,u,s,t,r,i,e,s
b,r,e,n,n,t,a,g
z,i,m,m,e,r,-,h,o,l,d,i,n,g,s
b,a,n,k,-,o,f,-,n,i,n,g,b,o
g,e,n,e,r,a,l,-,g,r,o,w,t,h,-,p,r,o,p,e,r,t,i,e,s
r,e,x,e,l
n,e,t,a,p,p
s,t,a,r,w,o,o,d,-,h,o,t,e,l,s
g,j,e,n,s,i,d,i,g,e,-,f,o,r,s,i,k,r,i,n,g
c,o,a,c,h
l,o,n,d,o,n,-,s,t,o,c,k,-,e,x,c,h,a,n,g,e
u,n,i,q,a
n,e,w,-,y,o,r,k,-,c,o,m,m,u,n,i,t,y
k,e,y,e,n,c,e
s,a,n,t,o,s
d,o,l,l,a,r,-,t,r,e,e
t,a,i,s,h,i,n,-,f,i,n,a,n,c,i,a,l,-,h,o,l,d,i,n,g,s
s,h,a,r,p
b,a,n,k,-,o,f,-,n,a,n,j,i,n,g
d,e,l,t,a,-,l,l,o,y,d
i,n,d,u,s,t,r,i,v,a,r,d,e,n
s,m,c,-,c,o,r,p
a,m,b,a,n,k,-,g,r,o,u,p
w,e,s,t,e,r,n,-,u,n,i,o,n
t,u,r,k,-,t,e,l,e,k,o,m
f,i,s,e,r,v
d,o,o,s,a,n
v,e,d,a,n,t,a,-,r,e,s,o,u,r,c,e,s
o,s,a,k,a,-,g,a,s
e,a,s,y,j,e,t
a,s,a,h,i,-,g,l,a,s,s
b,y,d
p,a,r,t,n,e,r,r,e
w,i,s,c,o,n,s,i,n,-,e,n,e,r,g,y
f,a,i,r,f,a,x,-,f,i,n,a,n,c,i,a,l
k,i,n,n,e,v,i,k
d,o,n,g,b,u,-,i,n,s,u,r,a,n,c,e
c,o,l,r,u,y,t
n,o,b,l,e
b,c,i,-,b,a,n,c,o,-,c,r,e,d,i,t,o
m,o,l,s,o,n,-,c,o,o,r,s,-,b,r,e,w,i,n,g
b,a,n,k,-,l,e,u,m,i
e,u,r,a,z,e,o
h,o,n,g,-,k,o,n,g,-,e,x,c,h,a,n,g,e,s
s,e,a,r,s,-,h,o,l,d,i,n,g,s
a,l,l,i,a,n,c,e,-,d,a,t,a,-,s,y,s,t,e,m,s
e,l,-,p,u,e,r,t,o,-,d,e,-,l,i,v,e,r,p,o,o,l
v,e,r,b,u,n,d
k,i,n,t,e,t,s,u
h,c,l,-,t,e,c,h,n,o,l,o,g,i,e,s
e,x,p,e,r,i,a,n
e,-,m,a,r,t
s,a,b,e,s,p
g,o,l,d,c,o,r,p
d,a,i,-,n,i,p,p,o,n,-,p,r,i,n,t,i,n,g
q,u,i,n,e,n,c,o
m,i,t,s,u,b,i,s,h,i,-,u,f,j,-,l,e,a,s,e
d,e,l,t,a,-,e,l,e,c,t,r,o,n,i,c,s
c,p,f,l,-,e,n,e,r,g,i,a
c,h,i,b,a,-,b,a,n,k
g,l,o,b,a,l,-,l,o,g,i,s,t,i,c,-,p,r,o,p,e,r,t,i,e,s
a,d,v,a,n,c,e,d,-,s,e,m,i,c,o,n,d,u,c,t,o,r
e,n,k,a
h,e,n,r,y,-,s,c,h,e,i,n
l,e,a,r
a,m,a,d,e,u,s,-,i,t,-,h,o,l,d,i,n,g,s
h,a,n,g,-,l,u,n,g,-,g,r,o,u,p
a,u,t,o,l,i,v
i,n,n,e,r,-,m,o,n,g,o,l,i,a,-,y,i,l,i
z,o,o,m,l,i,o,n,-,h,e,a,v,y,-,i,n,d,u,s,t,r,y
b,r,a,s,k,e,m
a,l,r,o,s,a
a,m,e,r,e,n
s,o,j,i,t,z
f,i,d,e,l,i,t,y,-,n,a,t,i,o,n,a,l,-,f,i,n,a,n,c,i,a,l
n,i,d,e,c
h,e,b,e,i,-,i,r,o,n,-,&,-,s,t,e,e,l
t,o,p,-,f,r,o,n,t,i,e,r,-,i,n,v,e,s,t,m,e,n,t,-,h,o,l,d,i,n,g,s
w,r,-,b,e,r,k,l,e,y
m,o,o,d,y,',s
e,s,p,i,r,i,t,o,-,s,a,n,t,o,-,f,i,n,a,n,c,i,a,l
j,a,c,o,b,s,-,e,n,g,i,n,e,e,r,i,n,g
c,h,i,n,a,-,t,a,i,p,i,n,g,-,i,n,s,u,r,a,n,c,e
a,t,o,s
w,a,n,t,-,w,a,n,t,-,c,h,i,n,a
y,a,m,a,h,a,-,m,o,t,o,r
j,u,l,i,u,s,-,b,a,e,r,-,g,r,o,u,p
d,i,r,e,c,t,-,l,i,n,e,-,i,n,s,u,r,a,n,c,e
p,e,g,a,t,r,o,n
n,i,n,t,e,n,d,o
c,i,n,c,i,n,n,a,t,i,-,f,i,n,a,n,c,i,a,l
h,i,n,d,u,s,t,a,n,-,p,e,t,r,o,l,e,u,m
m,o,n,d,i
a,n,a,d,o,l,u,-,e,f,e,s
h,a,l,-,t,r,u,s,t
l,e,n,n,a,r
e,q,u,i,t,y,-,r,e,s,i,d,e,n,t,i,a,l
z,a,i,n
z,t,e
i,n,d,u,s,t,r,i,a,l,-,a,l,l,i,a,n,c,e,-,i,n,s,u,r,a,n,c,e
w,u,l,i,a,n,g,y,e,-,y,i,b,i,n
p,l,d,t
p,o,w,e,r,-,f,i,n,a,n,c,e
c,h,-,r,o,b,i,n,s,o,n,-,w,o,r,l,d,w,i,d,e
s,i,n,o,-,o,c,e,a,n,-,l,a,n,d,-,h,o,l,d,i,n,g,s
c,p,-,a,l,l
a,j,i,n,o,m,o,t,o
o,j,i,-,h,o,l,d,i,n,g,s
i,n,g,r,a,m,-,m,i,c,r,o
a,v,a,l,o,n,b,a,y,-,c,o,m,m,u,n,i,t,i,e,s
h,o,s,t,-,h,o,t,e,l,s,-,&,-,r,e,s,o,r,t,s
b,r,o,w,n,-,f,o,r,m,a,n
j,m,-,s,m,u,c,k,e,r
s,a,u,d,i,-,a,r,a,b,i,a,n,-,f,e,r,t,i,l,i,z,e,r,s
m,e,a,d,-,j,o,h,n,s,o,n,-,n,u,t,r,i,t,i,o,n
a,n,a,l,o,g,-,d,e,v,i,c,e,s
x,i,a,m,e,n,-,c,&,d
c,l,o,r,o,x
c,e,n,t,u,r,y,-,t,o,k,y,o,-,l,e,a,s,i,n,g
n,o,v,o,l,i,p,e,t,s,k,-,s,t,e,e,l
h,a,r,b,i,n,-,b,a,n,k
b,a,n,c,o,-,c,o,m,e,r,c,i,a,l,-,p,o,r,t,u,g,u,e,s
m,i,t,s,u,i,-,o,s,k,-,l,i,n,e,s
t,u,i
f,i,r,s,t,-,q,u,a,n,t,u,m,-,m,i,n,e,r,a,l,s
s,o,u,t,h,w,e,s,t,e,r,n,-,e,n,e,r,g,y
k,o,t,a,k,-,m,a,h,i,n,d,r,a,-,b,a,n,k
a,g,i,l,e,-,p,r,o,p,e,r,t,y,-,h,o,l,d,i,n,g,s
d,u,b,a,i,-,i,s,l,a,m,i,c,-,b,a,n,k
c,j,-,c,o,r,p
b,a,n,k,-,o,f,-,a,y,u,d,h,y,a
r,a,y,m,o,n,d,-,j,a,m,e,s,-,f,i,n,a,n,c,i,a,l
t,h,a,i,-,b,e,v,e,r,a,g,e
m,i,c,h,a,e,l,-,k,o,r,s,-,h,o,l,d,i,n,g,s
b,a,n,k,i,n,t,e,r
s,k,f,-,g,r,o,u,p
c,h,u,g,o,k,u,-,e,l,e,c,t,r,i,c,-,p,o,w,e,r
g,e,m,d,a,l,e
s,h,i,n,s,e,i,-,b,a,n,k
a,u,t,o,n,a,t,i,o,n
o,t,p,-,b,a,n,k
g,r,e,e,n,t,o,w,n,-,c,h,i,n,a,-,h,o,l,d,i,n,g,s
d,e,l,e,k,-,g,r,o,u,p
e,m,p,i,r,e
e,i,s,a,i
m,i,s,c
e,s,s,a,r,-,e,n,e,r,g,y
c,o,n,s,o,l,-,e,n,e,r,g,y
s,h,o,p,r,i,t,e,-,h,o,l,d,i,n,g,s
c,h,i,n,a,-,c,o,s,c,o,-,h,o,l,d,i,n,g,s
n,i,k,o,n
m,a,s,r,a,f,-,a,l,-,r,a,y,a,n
t,a,i,s,e,i
g,f,-,s,e,c,u,r,i,t,i,e,s
w,e,s,t,f,i,e,l,d,-,r,e,t,a,i,l,-,t,r,u,s,t
p,e,t,r,o,f,a,c
z,i,o,n,s,-,b,a,n,c,o,r,p
i,d,b,i,-,b,a,n,k
b,b,m,g
s,a,v,o,l,a,-,g,r,o,u,p
s,u,n,-,p,h,a,r,m,a,-,i,n,d,u,s,t,r,i,e,s
v,o,r,n,a,d,o,-,r,e,a,l,t,y
f,i,r,s,t,-,f,i,n,a,n,c,i,a,l,-,h,o,l,d,i,n,g
c,h,i,n,a,-,m,e,r,c,h,a,n,t,s,-,p,r,o,p,e,r,t,y
p,i,r,e,l,l,i,-,&,-,c
o,m,r,o,n
s,e,i,k,o,-,e,p,s,o,n
p,o,p,u,l,a,r
h,o,y,a
j,u,n,i,p,e,r,-,n,e,t,w,o,r,k,s
s,a,u,d,i,-,a,r,a,b,i,a,n,-,m,i,n,i,n,g
m,e,t,r,o,-,i,n,c
u,n,i,v,e,r,s,a,l,-,h,e,a,l,t,h
g,i,v,a,u,d,a,n
p,e,t,r,o,n,a,s,-,g,a,s
s,e,v,e,r,s,t,a,l
p,g,n
n,i,t,t,o,-,d,e,n,k,o
h,a,n,k,o,o,k,-,t,i,r,e
k,e,u,r,i,g,-,g,r,e,e,n,-,m,o,u,n,t,a,i,n
t,o,r,c,h,m,a,r,k
a,e,r,o,p,o,r,t,s,-,d,e,-,p,a,r,i,s
p,a,y,c,h,e,x
a,h,l,i,-,u,n,i,t,e,d,-,b,a,n,k
s,e,v,e,r,n,-,t,r,e,n,t
i,n,t,e,r,-,r,a,o
c,n,o,-,f,i,n,a,n,c,i,a,l,-,g,r,o,u,p
o,b,a,y,a,s,h,i
j,g,c
a,b,e,n,g,o,a
z,o,e,t,i,s
m,e,d,i,p,a,l,-,h,o,l,d,i,n,g,s
y,t,l
h,e,l,m,e,r,i,c,h,-,&,-,p,a,y,n,e
t,c,l,-,c,o,r,p
a,v,a,g,o,-,t,e,c,h,n,o,l,o,g,i,e,s
e,v,r,a,z,-,g,r,o,u,p
x,i,l,i,n,x
r,o,c,k,w,e,l,l,-,c,o,l,l,i,n,s
d,e,u,t,s,c,h,e,-,a,n,n,i,n,g,t,o,n,-,i,m,m,o,b,i,l,i,e,n
l,a,b,c,o,r,p
m,a,x,i,s
a,g,l,-,e,n,e,r,g,y
t,e,r,n,i,u,m
f,a,m,i,l,y,-,d,o,l,l,a,r,-,s,t,o,r,e,s
b,r,i,t,i,s,h,-,l,a,n,d
a,o,z,o,r,a,-,b,a,n,k
e,l,e,c,t,r,o,l,u,x,-,g,r,o,u,p
v,a,l,l,o,u,r,e,c
c,o,l,o,p,l,a,s,t
p,r,o,t,e,c,t,i,v,e,-,l,i,f,e
q,a,n,t,a,s,-,a,i,r,w,a,y,s
p,v,h
k,a,j,i,m,a
s,h,a,n,g,h,a,i,-,c,o,n,s,t,r,u,c,t,i,o,n
s,m,i,t,h,-,&,-,n,e,p,h,e,w
c,s,n
b,a,n,c,o,-,d,a,v,i,v,i,e,n,d,a
p,o,r,t,u,g,a,l,-,t,e,l,e,c,o,m
n,m,d,c
c,c,r
d,r,-,h,o,r,t,o,n
u,n,i,c,h,a,r,m
a,g,c,o
r,i,t,e,-,a,i,d
m,o,h,a,w,k,-,i,n,d,u,s,t,r,i,e,s
u,c,-,r,u,s,a,l
c,r,-,b,a,r,d
c,h,e,n,g,-,s,h,i,n,-,r,u,b,b,e,r,-,i,n,d,u,s,t,r,y,-,c,o,.
m,a,n,p,o,w,e,r
b,u,n,z,l
t,o,p,p,a,n,-,p,r,i,n,t,i,n,g
m,e,t,r,o,p,o,l,i,t,a,n,-,b,a,n,k,-,&,-,t,r,u,s,t
j,i,a,n,g,s,u,-,y,a,n,g,h,e,-,b,r,e,w,e,r,y
p,e,t,r,o,-,r,a,b,i,g,h
u,c,b
i,n,n,o,l,u,x
s,t,o,c,k,l,a,n,d,-,a,u,s,t,r,a,l,i,a
t,r,a,v,i,s,-,p,e,r,k,i,n,s
k,o,r,e,a,n,-,a,i,r
f,l,o,w,s,e,r,v,e
m,a,i,l,.,r,u,-,g,r,o,u,p,-,l,t,d,.,-,s,p,o,n,s,o,r,e,d,-,g,d,r,-,r,e,g,s
y,a,m,a,g,u,c,h,i,-,f,i,n,a,n,c,i,a,l
m,a,r,k,e,l
g,e,a,-,g,r,o,u,p
s,a,n,y,-,h,e,a,v,y,-,i,n,d,u,s,t,r,y
m,a,s,h,r,e,q,-,b,a,n,k
i,l,i,a,d
c,o,m,m,e,r,c,i,a,l,-,b,a,n,k,-,o,f,-,q,a,t,a,r
a,u,-,o,p,t,r,o,n,i,c,s
w,u,h,a,n,-,i,r,o,n,-,&,-,s,t,e,e,l
n,i,p,p,o,n,-,e,x,p,r,e,s,s
t,a,l,i,s,m,a,n,-,e,n,e,r,g,y
g,a,r,m,i,n
p,e,r,r,i,g,o
r,o,p,e,r,-,i,n,d,u,s,t,r,i,e,s
w,y,n,d,h,a,m,-,w,o,r,l,d,w,i,d,e
c,o,m,m,u,n,i,t,y,-,h,e,a,l,t,h,-,s,y,s
a,d,v,a,n,c,e,-,a,u,t,o,-,p,a,r,t,s
a,l,d,a,r,-,p,r,o,p,e,r,t,i,e,s
c,h,a,r,o,e,n,-,p,o,k,p,h,a,n,d,-,f,o,o,d,s
t,e,l,e,2
a,d,o,b,e,-,s,y,s,t,e,m,s
a,c,c,o,r
p,i,o,n,e,e,r,-,n,a,t,u,r,a,l,-,r,e,s,o,u,r,c,e,s
b,t,a,-,b,a,n,k
b,a,n,c,o,-,o,c,c,i,d,e,n,t,a,l
s,t,a,r,w,o,o,d,-,p,r,o,p,e,r,t,y,-,t,r,u,s,t
g,e,c,i,n,a
s,t,r,a,b,a,g
c,e,r,n,e,r
u,n,i,t,e,d,-,r,e,n,t,a,l,s
s,t,-,e,n,g,i,n,e,e,r,i,n,g
d,a,s,s,a,u,l,t,-,s,y,s,t,e,m,e,s
t,a,q,a
e,q,t
s,h,i,m,i,z,u
a,l,f,r,e,s,a,-,h,o,l,d,i,n,g,s
a,m,e,t,e,k
f,u,k,u,o,k,a,-,f,i,n,a,n,c,i,a,l,-,g,r,o,u,p
r,e,m,g,r,o
a,r,a,m,a,r,k
u,s,-,s,t,e,e,l
a,c,c,i,o,n,a
n,o,m,o,s,-,b,a,n,k
g,u,a,n,g,d,o,n,g,-,e,l,e,c,t,r,i,c,-,p,o,w,e,r
i,t,v
r,e,n,e,s,a,s,-,e,l,e,c,t,r,o,n,i,c,s
c,r,o,w,n,-,r,e,s,o,r,t,s
e,-,t,r,a,d,e,-,f,i,n,a,n,c,i,a,l
t,d,c
a,s,s,u,r,e,d,-,g,u,a,r,a,n,t,y
k,l,a,-,t,e,n,c,o,r
n,e,t,e,a,s,e
s,d,i,c,-,p,o,w,e,r,-,h,o,l,d,i,n,g,s
s,h,e,n,z,h,e,n,-,o,v,e,r,s,e,a,s
k,e,r,r,y,-,g,r,o,u,p
k,i,n,g,d,o,m,-,h,o,l,d,i,n,g
s,o,h,o,-,c,h,i,n,a
h,u,a,-,n,a,n,-,f,i,n,a,n,c,i,a,l
f,a,s,t,e,n,a,l
s,i,n,o,p,a,c,-,f,i,n,a,n,c,i,a,l
c,h,i,n,a,-,l,o,n,g,y,u,a,n,-,p,o,w,e,r
b,m,&,f,-,b,o,v,e,s,p,a
c,h,i,n,a,-,m,e,r,c,h,a,n,t,s,-,h,o,l,d,i,n,g,s
c,h,o,n,g,q,i,n,g,-,c,h,a,n,g,a,n,-,a,u,t,o
f,c,c
o,l,y,m,p,u,s
n,x,p,-,s,e,m,i,c,o,n,d,u,c,t,o,r,s
s,u,n,a,c,-,c,h,i,n,a,-,h,o,l,d,i,n,g,s
i,n,t,e,r,p,u,b,l,i,c,-,g,r,o,u,p
e,l,e,c,t,r,i,c,-,p,o,w,e,r,-,d,e,v,e,l,o,p,m,e,n,t
q,u,a,n,t,a,-,s,e,r,v,i,c,e,s
p,e,t,r,o,n,a,s,-,d,a,g,a,n,g,a,n
b,e,n,d,i,g,o,-,&,-,a,d,e,l,a,i,d,e,-,b,a,n,k
w,h,i,t,b,r,e,a,d
t,u,r,k,i,s,h,-,a,i,r,l,i,n,e,s
h,e,x,a,g,o,n
y,a,m,a,d,a,-,d,e,n,k,i
g,r,i,f,o,l,s
x,5,-,r,e,t,a,i,l,-,g,r,o,u,p
c,o,m,p,a,l,-,e,l,e,c,t,r,o,n,i,c,s
a,n,g,a,n,g,-,s,t,e,e,l
c,b,r,e,-,g,r,o,u,p
s,i,k,a
m,a,n,i,l,a,-,e,l,e,c,t,r,i,c
b,a,j,a,j,-,a,u,t,o
s,c,r,i,p,p,s,-,n,e,t,w,o,r,k,s,-,i,n,t,e,r,a,c,t,i,v,e
c,i,m,a,r,e,x,-,e,n,e,r,g,y
u,n,i,o,n,-,n,a,t,i,o,n,a,l,-,b,a,n,k
t,e,r,u,m,o
g,e,b,e,r,i,t
t,a,i,w,a,n,-,m,o,b,i,l,e
i,s,e,t,a,n,-,m,i,t,s,u,k,o,s,h,i,-,h,o,l,d,i,n,g,s
w,o,l,t,e,r,s,-,k,l,u,w,e,r
c,h,i,n,a,-,h,o,n,g,q,i,a,o,-,g,r,o,u,p
e,-,l,-,f,i,n,a,n,c,i,a,l
p,e,t,s,m,a,r,t
n,e,w,e,l,l,-,r,u,b,b,e,r,m,a,i,d
g,o,l,d,e,n,-,a,g,r,i,-,r,e,s,o,u,r,c,e,s
b,a,n,k,-,o,f,-,c,h,o,n,g,q,i,n,g
h,a,c,h,i,j,u,n,i,-,b,a,n,k
j,y,s,k,e,-,b,a,n,k
f,b,n,-,h,o,l,d,i,n,g,s
n,i,p,p,o,n,-,p,a,p,e,r,-,i,n,d,u,s,t,r,i,e,s
t,a,i,w,a,n,-,c,o,o,p,e,r,a,t,i,v,e,-,f,i,n,a,n,c,i,a,l
s,a,l,e,s,f,o,r,c,e,.,c,o,m
p,u,b,l,i,c,-,p,o,w,e,r
k,t,&,g
w,i,l,l,i,s,-,g,r,o,u,p,-,h,o,l,d,i,n,g,s
i,s,r,a,e,l,-,c,o,r,p
a,c,t,e,l,i,o,n
i,n,t,u,-,p,r,o,p,e,r,t,i,e,s,-,p,l,c
c,o,s,a,n
f,o,o,t,-,l,o,c,k,e,r
a,l,p,i,q,-,h,o,l,d,i,n,g
p,e,m,b,i,n,a,-,p,i,p,e,l,i,n,e
s,m,i,t,h,s,-,g,r,o,u,p
s,u,z,u,k,e,n
j,o,y,o,-,b,a,n,k
r,o,c,k,w,o,o,d,-,h,o,l,d,i,n,g,s
s,o,n,g,b,i,r,d,-,e,s,t,a,t,e,s,-,p,l,c
m,e,c,h,e,l
p,e,r,m,a,n,e,n,t,-,t,s,b,-,g,r,o,u,p
d,a,r,d,e,n,-,r,e,s,t,a,u,r,a,n,t,s
t,w,o,-,h,a,r,b,o,r,s,-,i,n,v,e,s,t,m,e,n,t
e,m,b,r,a,e,r
w,o,r,l,d,-,f,u,e,l,-,s,e,r,v,i,c,e,s
m,i,z,r,a,h,i,-,t,e,f,a,h,o,t,-,b,a,n,k
g,u,d,a,n,g,-,g,a,r,a,m
b,c,v,-,g,r,o,u,p
d,o,n,g,f,a,n,g,-,e,l,e,c,t,r,i,c
s,i,n,o,-,l,a,n,d
i,s,s
w,i,s,t,r,o,n
n,o,v,o,z,y,m,e,s
h,o,k,u,h,o,k,u,-,f,i,n,a,n,c,i,a,l,-,g,r,o,u,p
c,h,a,n,g,-,h,w,a,-,b,a,n,k
s,i,n,o,p,e,c,-,e,n,g,i,n,e,e,r,i,n,g,-,(,g,r,o,u,p,)
a,l,t,e,r,a
i,y,o,-,b,a,n,k
l,i,g,-,i,n,s,u,r,a,n,c,e
l,i,n,e,a,r,-,t,e,c,h,n,o,l,o,g,y
c,h,i,n,a,-,m,e,n,g,n,i,u,-,d,a,i,r,y
c,h,i,n,a,-,m,e,r,c,h,a,n,t,s,-,s,e,c,u,r,i,t,i,e,s
l,u,n,d,b,e,r,g,s
g,s,-,h,o,l,d,i,n,g,s
s,m,u,r,f,i,t,-,k,a,p,p,a,-,g,r,o,u,p
b,e,a,m
a,v,i,s,-,b,u,d,g,e,t,-,g,r,o,u,p
h,i,k,v,i,s,i,o,n
e,n,a,g,a,s
v,e,s,t,a,s,-,w,i,n,d,-,s,y,s,t,e,m,s
m,m,i,-,h,o,l,d,i,n,g,s
h,a,m,m,e,r,s,o,n,-,p,l,c
m,e,t,s,o
j,a,r,d,e,n
h,u,a,t,a,i,-,s,e,c,u,r,i,t,i,e,s
k,a,w,a,s,a,k,i,-,k,i,s,e,n,-,k,a,i,s,h,a
s,t,m,i,c,r,o,e,l,e,c,t,r,o,n,i,c,s
h,a,r,b,i,n,g,e,r,-,g,r,o,u,p
j,-,f,r,o,n,t,-,r,e,t,a,i,l,i,n,g
p,o,r,t,o,-,s,e,g,u,r,o
w,e,i,r,-,g,r,o,u,p
t,d,k
k,+,s
h,a,r,r,i,s
o,c,i
f,o,r,e,s,t,-,l,a,b,o,r,a,t,o,r,i,e,s
h,y,o,s,u,n,g
d,i,a
m,i,n,m,e,t,a,l,s,-,d,e,v,e,l,o,p,m,e,n,t
h,o,p,s,o,n,-,d,e,v,e,l,o,p,m,e,n,t,-,h,o,l,d,i,n,g,s
7,7,-,b,a,n,k
e,a,s,t,m,a,n,-,k,o,d,a,k
s,a,u,d,i,-,h,o,l,l,a,n,d,i,-,b,a,n,k
c,h,u,g,o,k,u,-,b,a,n,k
n,o,r,t,h,-,p,a,c,i,f,i,c,-,b,a,n,k
l,a,n,x,e,s,s
o,h,l,-,g,r,o,u,p
a,i,r,p,o,r,t,s,-,o,f,-,t,h,a,i,l,a,n,d
b,a,n,k,-,o,f,-,k,y,o,t,o
b,u,r,b,e,r,r,y,-,g,r,o,u,p
t,e,c,h,-,d,a,t,a
h,i,r,o,s,h,i,m,a,-,b,a,n,k
s,e,m,e,n,-,i,n,d,o,n,e,s,i,a
t,o,b,u,-,r,a,i,l,w,a,y
c,r,o,w,n,-,h,o,l,d,i,n,g,s
g,u,n,m,a,-,b,a,n,k
f,r,a,n,s,h,i,o,n,-,p,r,o,p,e,r,t,i,e,s,-,(,c,h,i,n,a,)
c,l,i,f,f,s,-,n,a,t,u,r,a,l,-,r,e,s,o,u,r,c,e,s
a,l,a,s,k,a,-,a,i,r,-,g,r,o,u,p
j,b,-,h,u,n,t,-,t,r,a,n,s,p,o,r,t
n,a,b,o,r,s,-,i,n,d,u,s,t,r,i,e,s
s,n,c,-,l,a,v,a,l,i,n,-,g,r,o,u,p
f,e,d,e,r,a,l,-,g,r,i,d,-,o,f,-,u,e,s
s,k,-,n,e,t,w,o,r,k,s
n,c,r
b,a,n,k,-,a,u,d,i
m,a,s,c,o
b,s,-,f,i,n,a,n,c,i,a,l,-,g,r,o,u,p
c,h,i,n,a,-,n,a,t,i,o,n,a,l,-,m,a,t,e,r,i,a,l,s
m,a,a,n,s,h,a,n,-,i,r,o,n,-,&,-,s,t,e,e,l
g,4,s
t,w,i,t,t,e,r
l,i,b,e,r,b,a,n,k
f,i,r,s,t,-,n,i,a,g,a,r,a,-,f,i,n,a,n,c,i,a,l
t,h,o,m,a,s,-,c,o,o,k,-,g,r,o,u,p
g,r,u,p,o,-,e,l,e,k,t,r,a
n,e,t,f,l,i,x
p,e,t,r,o,v,i,e,t,n,a,m,-,g,a,s
s,u,m,i,t,o,m,o,-,r,u,b,b,e,r
y,a,n,d,e,x,-,n,v
a,a,r,e,a,l,-,b,a,n,k
c,h,i,n,a,-,g,e,z,h,o,u,b,a
j,c,-,p,e,n,n,e,y
a,u,r,i,z,o,n,-,h,o,l,d,i,n,g,s
i,s,r,a,e,l,-,d,i,s,c,o,u,n,t,-,b,a,n,k
a,2,a
b,l,o,m,-,b,a,n,k
h,u,n,t,s,m,a,n
j,t,e,k,t
w,a,t,e,r,s
e,.,s,u,n,-,f,i,n,a,n,c,i,a,l
a,l,m,a,r,a,i
b,o,e,-,t,e,c,h,n,o,l,o,g,y,-,g,r,o,u,p
s,l,-,g,r,e,e,n,-,r,e,a,l,t,y
b,a,n,r,i,s,u,l
e,q,u,i,t,y,-,a,s,s,u,r,a,n,c,e
j,u,r,o,k,u,-,b,a,n,k
r,u,e,n,t,e,x,-,i,n,d,u,s,t,r,i,e,s
a,t,c,o
s,a,l,z,g,i,t,t,e,r
a,s,h,i,k,a,g,a,-,h,o,l,d,i,n,g,s
z,i,g,g,o
b,r,i,l,l,i,a,n,c,e,-,c,h,i,n,a,-,a,u,t,o,m,o,t,i,v,e,-,h,o,l,d,i,n,g,s
h,a,l,y,k,-,b,a,n,k
a,r,m,-,h,o,l,d,i,n,g,s
s,h,i,o,n,o,g,i,-,&,-,c,o,.
s,e,g,a,-,s,a,m,m,y,-,h,o,l,d,i,n,g,s
w,a,b,c,o,-,h,o,l,d,i,n,g,s
i,m,p,e,r,i,a,l,-,h,o,l,d,i,n,g,s
s,e,n,s,h,u,-,i,k,e,d,a,-,h,o,l,d,i,n,g,s
h,u,g,o,-,b,o,s,s
n,a,n,t,o,-,b,a,n,k
e,m,i,r,a,t,e,s,-,i,n,t,e,g,r,a,t,e,d,-,t,e,l,e,c,o,m
b,a,y,w,a
a,f,f,i,l,i,a,t,e,d,-,m,a,n,a,g,e,r,s,-,g,r,o,u,p
i,d,b,-,h,o,l,d,i,n,g
c,h,i,n,a,-,a,g,r,i,-,i,n,d,u,s,t,r,i,e,s
q,a,t,a,r,-,i,s,l,a,m,i,c,-,b,a,n,k
l,i,n,k,e,d,i,n
l,i,n,d,t,-,&,-,s,p,r,u,n,g,l,i
p,b,f,-,e,n,e,r,g,y
h,y,a,k,u,g,o,-,b,a,n,k
p,a,c,i,f,i,c,-,r,u,b,i,a,l,e,s,-,e,n,e,r,g,y
f,a,r,-,e,a,s,t,e,r,n,-,n,e,w,-,c,e,n,t,u,r,y
r,e,l,i,a,n,c,e,-,s,t,e,e,l
a,y,a,l,a
c,j,-,c,h,e,i,l,j,e,d,a,n,g
p,i,n,n,a,c,l,e,-,w,e,s,t
b,o,k,-,f,i,n,a,n,c,i,a,l
g,u,a,r,a,n,t,y,-,t,r,u,s,t,-,b,a,n,k
o,g,a,k,i,-,k,y,o,r,i,t,s,u,-,b,a,n,k
g,a,n,s,u,-,j,i,u,-,s,t,e,e,l,-,g,r,o,u,p,-,h,o,n,g,x,i,n,g,-,i,r,o,n,-,&,-,s,t,e,e,l
r,e,a,l,o,g,y,-,h,o,l,d,i,n,g,s
d,a,i,s,h,i,-,b,a,n,k
a,l,i,n,m,a,-,b,a,n,k
s,h,i,g,a,-,b,a,n,k
s,u,r,u,g,a,-,b,a,n,k
r,o,y,a,l,-,b,o,s,k,a,l,i,s
s,q,m
t,o,h,o,-,b,a,n,k
m,c,c,o,r,m,i,c,k,-,&,-,c,o
j,a,b,i,l,-,c,i,r,c,u,i,t
d,i,c,k,',s,-,s,p,o,r,t,i,n,g,-,g,o,o,d,s
m,u,r,p,h,y,-,u,s,a
h,a,i,n,a,n,-,a,i,r,l,i,n,e,s
m,e,a,d,w,e,s,t,v,a,c,o
h,o,n,b,r,i,d,g,e,-,h,o,l,d,i,n,g,s
u,m,i,c,o,r,e
a,b,u,-,d,h,a,b,i,-,i,s,l,a,m,i,c,-,b,a,n,k
o,r,i,e,n,t
v,e,r,i,s,i,g,n
g,r,e,a,t,-,w,a,l,l,-,t,e,c,h,n,o,l,o,g,y
c,v,r,-,e,n,e,r,g,y
b,i,l,f,i,n,g,e,r
m,o,n,s,t,e,r,-,b,e,v,e,r,a,g,e
s,p,a,r,e,b,a,n,k,-,1,-,s,r,-,b,a,n,k
t,a,i,w,a,n,-,b,u,s,i,n,e,s,s,-,b,a,n,k
n,i,n,e,-,e,n,t,e,r,t,a,i,n,m,e,n,t,-,c,o,.,-,h,o,l,d,i,n,g,s,-,p,t,y
c,h,i,n,e,s,e,-,e,s,t,a,t,e,s
b,a,s,l,e,r,-,k,a,n,t,o,n,a,l,b,a,n,k
e,a,s,t,-,w,e,s,t,-,b,a,n,c,o,r,p
g,a,n,n,e,t,t
c,r,e,d,i,t,o,-,e,m,i,l,i,a,n,o
i,l,l,u,m,i,n,a
n,e,l,n,e,t
s,v,b,-,f,i,n,a,n,c,i,a,l,-,g,r,o,u,p
c,h,u,r,c,h,-,&,-,d,w,i,g,h,t
l,g,-,u,p,l,u,s
c,r,e,d,i,t,-,s,a,i,s,o,n
g,u,a,n,g,z,h,o,u,-,a,u,t,o,m,o,b,i,l,e,-,g,r,o,u,p,-,c,o,.,-,l,t,d,.
h,y,s,a,n,-,d,e,v,e,l,o,p,m,e,n,t
m,a,x,i,m,-,i,n,t,e,g,r,a,t,e,d,-,p,r,o,d,u,c,t,s
a,g,l,-,r,e,s,o,u,r,c,e,s
s,u,p,e,r,v,a,l,u
a,v,o,n,-,p,r,o,d,u,c,t,s
o,w,-,b,u,n,k,e,r
a,i,r,g,a,s
h,e,r,b,a,l,i,f,e
t,o,k,y,o,-,e,l,e,c,t,r,o,n
s,h,a,n,g,h,a,i,-,m,a,t,e,r,i,a,l,-,t,r,a,d,i,n,g
g,a,m,e,s,t,o,p,-,c,o,r,p,.
h,i,g,o,-,b,a,n,k
u,g,i
s,a,u,d,i,-,i,n,v,e,s,t,m,e,n,t,-,b,a,n,k
d,c,c
t,a,u,r,o,n,-,g,r,o,u,p
h,a,n,w,a
s,a,n,-,i,n,-,g,o,d,o,-,b,a,n,k
e,c,o,b,a,n,k,-,t,r,a,n,s,n,a,t,i,o,n,a,l,-,i,n,c,o,r,p,o,r,a,t,e,d
k,a,i,s,a,-,g,r,o,u,p,-,h,o,l,d,i,n,g,s
h,u,n,a,n,-,v,a,l,i,n,-,s,t,e,e,l
h,y,a,k,u,j,u,s,h,i,-,b,a,n,k
c,o,r,p,o,r,a,t,i,o,n,-,b,a,n,k
i,n,t,o,u,c,h,-,h,o,l,d,i,n,g,s
a,r,k,e,m,a
o,u,t,o,k,u,m,p,u
p,o,l,a,r,i,s,-,i,n,d,u,s,t,r,i,e,s
c,i,t,r,i,x,-,s,y,s,t,e,m,s
a,u,r,u,b,i,s
t,a,s,n,e,e
m,u,s,a,s,h,i,n,o,-,b,a,n,k
r,u,e,n,t,e,x,-,d,e,v,e,l,o,p,m,e,n,t
r,m,b,-,h,o,l,d,i,n,g,s
h,o,k,k,a,i,d,o,-,e,l,e,c,t,r,i,c,-,p,o,w,e,r
s,i,g,n,a,t,u,r,e,-,b,a,n,k
n,a,s,d,a,q,-,o,m,x,-,g,r,o,u,p
b,a,n,k,-,o,f,-,q,u,e,e,n,s,l,a,n,d
i,n,t,e,r,a,c,t,i,v,e,-,b,r,o,k,e,r,s,-,g,r,o,u,p
y,u,n,n,a,n,-,b,a,i,y,a,o,-,g,r,o,u,p
a,l,l,a,h,a,b,a,d,-,b,a,n,k
n,e,t,d,r,a,g,o,n,-,w,e,b,s,o,f,t
d,o,h,a,-,b,a,n,k
k,a,g,o,s,h,i,m,a,-,b,a,n,k
g,r,u,p,o,-,a,r,g,o,s
g,e,m,a,l,t,o
c,r,e,d,i,t,o,-,v,a,l,t,e,l,l,i,n,e,s,e
w,o,r,k,d,a,y,",",-,i,n,c,.
e,r,i,e,-,i,n,d,e,m,n,i,t,y
w,i,n,g,-,h,a,n,g,-,b,a,n,k
v,e,r,i,s,k,-,a,n,a,l,y,t,i,c,s
i,n,v,e,n,t,e,c
s,a,r,a,s
s,e,a,l,e,d,-,a,i,r
j,a,p,a,n,-,e,x,c,h,a,n,g,e,-,g,r,o,u,p
d,e,a,n,-,f,o,o,d,s
s,o,n,a,e,-,s,g,p,s
e,m,p,r,e,s,a,-,d,e,-,e,n,e,r,g,i,a,-,d,e,-,b,o,g,o,t,a
w,e,g
h,y,p,r,o,p,-,i,n,v,e,s,t,m,e,n,t,s
a,n,t,e,r,o,-,r,e,s,o,u,r,c,e,s
d,g,b,-,f,i,n,a,n,c,i,a,l,-,g,r,o,u,p
g,u,a,n,g,d,o,n,g,-,i,n,v,e,s,t,m,e,n,t
p,a,r,m,a,l,a,t
i,n,n,e,r,-,m,o,n,g,o,l,i,a,-,b,a,o,t,o,u,-,s,t,e,e,l
p,o,u,-,c,h,e,n
p,a,n,d,o,r,a
b,a,n,q,u,e,-,c,e,n,t,r,a,l,e,-,p,o,p,u,l,a,i,r,e
m,e,r,i,t,z,-,f,i,n,a,n,c,i,a,l,-,g,r,o,u,p
p,e,a,b,o,d,y,-,e,n,e,r,g,y
p,r,e,s,i,d,e,n,t,-,c,h,a,i,n,-,s,t,o,r,e
l,k,q
g,s,-,e,n,g,i,n,e,e,r,i,n,g
l,a,w,s,o,n
s,h,i,m,a,n,o
j,a,p,a,n,-,s,e,c,u,r,i,t,i,e,s
i,k,b,-,d,e,u,t,s,c,h,e
w,h,i,t,i,n,g,-,p,e,t,r,o,l,e,u,m
d,e,n,b,u,r,y,-,r,e,s,o,u,r,c,e,s
v,i,e,t,i,n,-,b,a,n,k
c,o,n,c,h,o,-,r,e,s,o,u,r,c,e,s
s,i,g,n,e,t,-,j,e,w,e,l,e,r,s
k,i,n,g,-,d,i,g,i,t,a,l,-,e,n,t,e,r,t,a,i,n,m,e,n,t
u,c,o,-,b,a,n,k
g,u,n,g,h,o,-,o,n,l,i,n,e,-,e,n,t,e,r,t,a,i,n,m,e,n,t
o,g,e,-,e,n,e,r,g,y
t,p,k,-,h,o,l,d,i,n,g
p,e,o,p,l,e,',s,-,u,n,i,t,e,d,-,f,i,n,a,n,c,i,a,l
t,s,i,n,g,t,a,o,-,b,r,e,w,e,r,y
w,p,g,-,h,o,l,d,i,n,g,s
y,u,e,x,i,u,-,p,r,o,p,e,r,t,y,-,c,o,.
s,h,i,s,e,i,d,o
f,i,r,s,t,-,p,a,c,i,f,i,c
m,i,c,r,o,c,h,i,p,-,t,e,c,h,n,o,l,o,g,y
h,o,k,k,o,k,u,-,b,a,n,k
p,a,n,g,-,d,a,-,a,u,t,o,m,o,b,i,l,e,-,t,r,a,d,e
i,n,t,e,g,r,y,s,-,e,n,e,r,g,y,-,g,r,o,u,p
b,a,n,k,-,o,f,-,n,a,g,o,y,a
t,a,i,h,e,i,y,o,-,c,e,m,e,n,t
f,i,n,a,n,c,i,a,l,-,s,t,r,e,e,t,-,h,o,l,d,i,n,g,s
l,u,z,e,r,n,e,r,-,k,a,n,t,o,n,a,l,b,a,n,k
f,r,a,p,o,r,t
d,v,b,-,b,a,n,k
v,o,l,k,s,b,a,n,k
y,a,n,g,-,q,u,a,n,-,c,o,a,l,-,i,n,d,u,s,t,r,y
s,t,-,g,a,l,l,e,r,-,k,a,n,t,o,n,a,l,b,a,n,k
y,u,a,n,t,a,-,f,i,n,a,n,c,i,a,l,-,h,o,l,d,i,n,g
b,a,n,k,-,o,f,-,i,w,a,t,e
o,r,k,l,a
t,i,m,-,h,o,r,t,o,n,s
a,l,l,i,a,n,t,-,e,n,e,r,g,y
d,i,x,o,n,s,-,r,e,t,a,i,l
n,s,k
a,c,k,e,r,m,a,n,s,-,&,-,v,a,n,-,h,a,a,r,e,n
b,a,n,k,-,d,a,n,a,m,o,n,-,i,n,d,o,n,e,s,i,a
i,n,g,r,e,d,i,o,n
t,o,s,o,h
n,h,p,c
s,y,m,e,t,r,a,-,f,i,n,a,n,c,i,a,l
f,i,b,i,-,h,o,l,d,i,n,g,s
s,b,i,-,h,o,l,d,i,n,g,s
l,a,u,r,e,n,t,i,a,n,-,b,a,n,k
l,s,-,c,o,r,p
b,e,k,b,-,b,c,b,e
h,e,r,o,-,m,o,t,o,c,o,r,p
c,s,t,-,b,r,a,n,d,s
a,r,y,z,t,a
e,d,w,a,r,d,s,-,l,i,f,e,s,c,i,e,n,c,e,s
p,a,l,l
d,s,v
a,m,d,o,c,s
e,m,s,-,c,h,e,m,i,e,-,h,o,l,d,i,n,g
s,e,c,u,r,i,t,a,s
h,a,n,j,i,n,-,s,h,i,p,p,i,n,g
n,e,w,c,r,e,s,t,-,m,i,n,i,n,g
y,a,m,a,n,a,s,h,i,-,c,h,u,o,-,b,a,n,k
k,e,s,k,o
a,n,d,r,i,t,z
t,o,n,g,l,i,n,g,-,n,o,n,f,e,r,r,o,u,s,-,m,e,t,a,l,s
k,u,w,a,i,t,-,p,r,o,j,e,c,t,s
v,a,l,i,a,n,t,-,h,o,l,d,i,n,g
d,a,e,l,i,m,-,i,n,d,u,s,t,r,i,a,l
b,r,u,n,s,w,i,c,k
a,l,l,i,a,n,c,e,-,g,l,o,b,a,l,-,g,r,o,u,p
h,a,n,e,s,b,r,a,n,d,s
n,c,c,-,g,r,o,u,p
a,k,a,m,a,i,-,t,e,c,h,n,o,l,o,g,i,e,s
a,w,a,-,b,a,n,k
s,i,n,o,m,a,c,h,-,a,u,t,o,m,o,b,i,l,e
s,i,c,h,u,a,n,-,c,h,a,n,g,h,o,n,g,-,e,l,e,c,t,r,i,c
t,o,w,e,r,s,-,w,a,t,s,o,n,-,&,-,c,o,.
g,p,t,-,g,r,o,u,p
a,i,c,h,i,-,b,a,n,k
m,a,k,i,t,a
o,s,r,a,m,-,l,i,c,h,t
n,i,p,p,o,n,-,s,t,e,e,l,-,t,r,a,d,i,n,g
j,i,n,d,a,l,-,s,t,e,e,l,-,&,-,p,o,w,e,r
t,o,h,o,-,h,o,l,d,i,n,g,s
v,o,p,a,k
c,h,i,n,a,-,f,o,r,t,u,n,e,-,l,a,n,d,-,d,e,v,e,l,o,p,m,e,n,t
s,t,e,r,i,c,y,c,l,e
s,h,a,n,g,r,i,-,l,a,-,a,s,i,a
r,a,n,g,e,-,r,e,s,o,u,r,c,e,s
w,e,s,t,e,r,n,-,r,e,f,i,n,i,n,g
s,y,d,b,a,n,k
n,e,w,-,h,o,p,e,-,l,i,u,h,e
j,o,y,-,g,l,o,b,a,l
s,h,u,i,-,o,n,-,l,a,n,d
t,p,v,-,t,e,c,h,n,o,l,o,g,y
s,h,a,n,d,o,n,g,-,i,r,o,n,-,a,n,d,-,s,t,e,e,l
i,n,o,t,e,r,a,-,m,e,m,o,r,i,e,s
j,a,c,c,s
t,r,i,p,a,d,v,i,s,o,r
a,n,d,h,r,a,-,b,a,n,k
g,r,a,s,i,m,-,i,n,d,u,s,t,r,i,e,s
w,i,n,d,s,t,r,e,a,m
t,o,m,o,n,y,-,h,o,l,d,i,n,g,s
c,l,a,r,i,a,n,t
t,e,r,a,d,a,t,a
f,u,j,i,-,e,l,e,c,t,r,i,c
a,d,m,i,r,a,l,-,g,r,o,u,p,-,p,l,c
u,r,s
o,s,h,k,o,s,h
f,m,c
p,r,y,s,m,i,a,n
j,s,w,-,s,t,e,e,l
y,u,n,n,a,n,-,y,u,n,t,i,a,n,h,u,a
m,e,i,j,i,-,h,o,l,d,i,n,g,s
o,d,a,k,y,u,-,e,l,e,c,t,r,i,c,-,r,a,i,l,w,a,y
s,h,i,k,o,k,u,-,b,a,n,k
b,m,c,e,-,b,a,n,k
s,y,n,o,v,u,s,-,f,i,n,a,n,c,i,a,l
e,q,u,i,f,a,x
u,n,y,-,g,r,o,u,p,-,h,o,l,d,i,n,g,s
a,t,t
u,b,e,r
s,p,o,t,i,f,y
s,k,y,-,n,e,w,s
c,v,s
m,o,t,o,r,o,l,a
a,i,g
a,l,i,b,a,b,a
a,m,a,z,o,n
a,x,a
b,m,w
c,i,s,c,o
c,i,t,y
d,i,s,n,e,y
e,o,n
e,x,x,o,n
f,o,r,d
g,m
g,o,l,d,m,a,n
h,o,n,d,a
h,o,n,e,y,w,e,l,l
h,s,b,c
h,y,u,n,d,a,i
j,p,-,m,o,r,g,a,n
j,p,m,o,r,g,a,n
k,i,a
l,o,c,k,h,e,e,d
p,&,g
r,y,a,n,a,i,r
s,a,m,s,u,n,g
s,a,n,t,a,n,d,e,r
t,e,s,l,a
t,o,y,o,t,a
v,e,r,i,z,o,n
v,o,l,k,s,w,a,g,e,n
v,w
w,a,l,-,m,a,r,t
